<?xml version="1.0" encoding="utf-8"?>

<instance xmlns="http://www.exelearning.org/content/v0.3" reference="2" version="0.3" xmlns:xsi="http://www.w3.org/2001/XMLSchema-instance" xsi:schemalocation="http://www.exelearning.org/content/v0.3 content.xsd" class="exe.engine.package.Package">
 <dictionary>
  <string role="key" value="_title"></string>
  <unicode value=""></unicode>
  <string role="key" value="idevices"></string>
  <list></list>
  <string role="key" value="_backgroundImg"></string>
  <unicode value=""></unicode>
  <string role="key" value="_contextMode"></string>
  <unicode value=""></unicode>
  <string role="key" value="_contextPlace"></string>
  <unicode value=""></unicode>
  <string role="key" value="_docType"></string>
  <string value="HTML5"></string>
  <string role="key" value="_intendedEndUserRoleGroup"></string>
  <bool value="0"></bool>
  <string role="key" value="_intendedEndUserRoleTutor"></string>
  <bool value="0"></bool>
  <string role="key" value="_intendedEndUserRoleType"></string>
  <unicode value=""></unicode>
  <string role="key" value="_isChanged"></string>
  <bool value="0"></bool>
  <string role="key" value="_lang"></string>
  <unicode value="es"></unicode>
  <string role="key" value="_learningResourceType"></string>
  <unicode value=""></unicode>
  <string role="key" value="_levelNames"></string>
  <list>
   <unicode value="Topic"></unicode>
   <unicode value="Section"></unicode>
   <unicode value="Unit"></unicode>
  </list>
  <string role="key" value="_name"></string>
  <unicode value="TERRITORIUM_CONTENIDOS"></unicode>
  <string role="key" value="_nextIdeviceId"></string>
  <int value="11"></int>
  <string role="key" value="_nextNodeId"></string>
  <int value="8"></int>
  <string role="key" value="_nodeIdDict"></string>
  <dictionary>
   <unicode role="key" value="0"></unicode>
   <instance class="exe.engine.node.Node" reference="4">
    <dictionary>
     <string role="key" value="_title"></string>
     <unicode value="TERRITORIUM SENA"></unicode>
     <string role="key" value="idevices"></string>
     <list>
      <instance class="exe.engine.freetextidevice.FreeTextIdevice" reference="1">
       <dictionary>
        <string role="key" value="_title"></string>
        <unicode value="Free Text"></unicode>
        <string role="key" value="_author"></string>
        <unicode value="University of Auckland"></unicode>
        <string role="key" value="_purpose"></string>
        <unicode value="The majority of a learning resource will be 
establishing context, delivering instructions and providing general information.
This provides the framework within which the learning activities are built and 
delivered."></unicode>
        <string role="key" value="_tip"></string>
        <string value=""></string>
        <string role="key" value="childs"></string>
        <list></list>
        <string role="key" value="content"></string>
        <instance class="exe.engine.field.TextAreaField" reference="3">
         <dictionary>
          <string role="key" value="_id"></string>
          <int value="85"></int>
          <string role="key" value="_idevice"></string>
          <reference key="1"></reference>
          <string role="key" value="_instruc"></string>
          <unicode value="Use this field to enter text. This 
iDevice has no emphasis applied although limited formatting can be applied to 
text through the text editing buttons associated with the field."></unicode>
          <string role="key" value="_name"></string>
          <unicode value="Free Text"></unicode>
          <string role="key" value="anchor_names"></string>
          <list></list>
          <string role="key" value="anchors_linked_from_fields"></string>
          <dictionary></dictionary>
          <string role="key" value="buttonCaption"></string>
          <string value=""></string>
          <string role="key" value="content_w_resourcePaths"></string>
          <unicode content="true" value="&lt;h1 style=&quot;text-align: center;&quot;&gt;&lt;strong&gt;&lt;img src=&quot;resources/Plantilla_TERRITORIUM.png&quot; width=&quot;572&quot; height=&quot;178&quot; style=&quot;float: left;&quot; /&gt;&lt;br /&gt;&lt;/strong&gt;&lt;/h1&gt;
&lt;h1 style=&quot;text-align: center;&quot;&gt;&lt;/h1&gt;
&lt;h1 style=&quot;text-align: center;&quot;&gt;&lt;span style=&quot;font-family: 'arial black', 'avant garde';&quot;&gt;&lt;strong&gt;CONTENIDOS ACTIVIDAD DE APRENDIZAJE&lt;/strong&gt;&lt;/span&gt;&lt;/h1&gt;
&lt;table style=&quot;width: 100%; border: 10,10,10,10;&quot;&gt;
&lt;tbody&gt;
&lt;tr&gt;
&lt;td colspan=&quot;2&quot; style=&quot;width: 38.3876%;&quot;&gt;&lt;/td&gt;
&lt;/tr&gt;
&lt;tr&gt;
&lt;td style=&quot;width: 57.6124%;&quot;&gt;&lt;button id=&quot;bt&quot; onclick=&quot;window.open('https://drive.google.com/open?id=1wgA8jSkG5wYZ1RH5rGP5UibJfoSQKJ56','VVVV')&quot;&gt;PRESENTACION RAP4&lt;/button&gt;&lt;button id=&quot;bt&quot; onclick=&quot;window.open('https://drive.google.com/open?id=1TE74Qw8UbNPVf8Hu4Csf34YqvO53tu4K','WWWW')&quot;&gt;GUIA DE APRENDIZAJE&lt;/button&gt; &lt;button id=&quot;bt&quot; onclick=&quot;window.open('https://drive.google.com/open?id=1ORSYFFm4cVsAGFqZCdy27v4_EH2yOk56','xxxx')&quot;&gt;PLAN DE TRABAJO CONCERTADO&lt;/button&gt; &lt;button id=&quot;bt&quot; onclick=&quot;window.open('https://drive.google.com/open?id=1bRVtICkT7Sdz5usv8xY1Zg_3gjxnz9xw','xxxx')&quot;&gt;MATERIALES DE FORMACION&lt;/button&gt;&lt;button id=&quot;bt&quot; onclick=&quot;window.open('https://github.com/fegasu/CGMLTI/tree/master/RAP4/TERRITORIUM','xxxx')&quot;&gt;MATERIALES DE APOYO&lt;/button&gt;&lt;button id=&quot;bt&quot; onclick=&quot;window.open('https://drive.google.com/open?id=1V1r_D9judnaMpAytrUS1RNDvoXUEt22Q','YYYY')&quot;&gt;TALLER TERRITORIUM&lt;/button&gt;&lt;button id=&quot;bt&quot; onclick=&quot;window.open('https://sena.entrenamiento.territorio.la/ ','AAT')&quot;&gt;AMBIENTE DE ENTRENAMIENTO TERRITORIUM&lt;/button&gt;&lt;button id=&quot;bt&quot; onclick=&quot;window.open('temas.html','LA')&quot;&gt;VIDEOS DE ENTRENAMIENTO TERRITORIUM&lt;/button&gt;&lt;/td&gt;
&lt;/tr&gt;
&lt;/tbody&gt;
&lt;/table&gt;"></unicode>
          <string role="key" value="exe.engine.field.Field.persistenceVersion"></string>
          <int value="4"></int>
          <string role="key" value="exe.engine.field.FieldWithResources.persistenceVersion"></string>
          <int value="2"></int>
          <string role="key" value="exe.engine.field.TextAreaField.persistenceVersion"></string>
          <int value="3"></int>
          <string role="key" value="htmlTag"></string>
          <string value="div"></string>
          <string role="key" value="images"></string>
          <instance class="exe.engine.galleryidevice.GalleryImages">
           <dictionary>
            <string role="key" value=".listitems"></string>
            <list>
             <instance class="exe.engine.galleryidevice.GalleryImage">
              <dictionary>
               <string role="key" value="_caption"></string>
               <instance class="exe.engine.field.TextField">
                <dictionary>
                 <string role="key" value="_id"></string>
                 <int value="264"></int>
                 <string role="key" value="_idevice"></string>
                 <none></none>
                 <string role="key" value="_instruc"></string>
                 <string value=""></string>
                 <string role="key" value="_name"></string>
                 <string value=""></string>
                 <string role="key" value="content"></string>
                 <string value=""></string>
                 <string role="key" value="exe.engine.field.Field.persistenceVersion"></string>
                 <int value="4"></int>
                </dictionary>
               </instance>
               <string role="key" value="_id"></string>
               <unicode value="0_85.18"></unicode>
               <string role="key" value="_imageResource"></string>
               <instance class="exe.engine.resource.Resource" reference="5">
                <dictionary>
                 <string role="key" value="_idevice"></string>
                 <reference key="1"></reference>
                 <string role="key" value="_package"></string>
                 <reference key="2"></reference>
                 <string role="key" value="_storageName"></string>
                 <string value="Plantilla_TERRITORIUM.png"></string>
                 <string role="key" value="_userName"></string>
                 <string value="c:\\users\\josefg~1\\appdata\\local\\temp\\tmppfwfpt\\Plantilla_TERRITORIUM.png"></string>
                 <string role="key" value="checksum"></string>
                 <string value="e3381c3c87e48b1f3f0905a471aa91dc"></string>
                 <string role="key" value="exe.engine.resource.Resource.persistenceVersion"></string>
                 <int value="2"></int>
                 <string role="key" value="exe.engine.resource._Resource.persistenceVersion"></string>
                 <int value="2"></int>
                </dictionary>
               </instance>
               <string role="key" value="_parent"></string>
               <reference key="3"></reference>
               <string role="key" value="_thumbnailResource"></string>
               <none></none>
               <string role="key" value="exe.engine.galleryidevice.GalleryImage.persistenceVersion"></string>
               <int value="3"></int>
               <string role="key" value="makeThumbnail"></string>
               <bool value="0"></bool>
              </dictionary>
             </instance>
            </list>
            <string role="key" value="idevice"></string>
            <reference key="3"></reference>
           </dictionary>
          </instance>
          <string role="key" value="intlinks_to_anchors"></string>
          <dictionary></dictionary>
          <string role="key" value="nextImageId"></string>
          <int value="19"></int>
          <string role="key" value="parentNode"></string>
          <reference key="4"></reference>
         </dictionary>
        </instance>
        <string role="key" value="edit"></string>
        <bool value="0"></bool>
        <string role="key" value="emphasis"></string>
        <int value="0"></int>
        <string role="key" value="exe.engine.freetextidevice.FreeTextIdevice.persistenceVersion"></string>
        <int value="7"></int>
        <string role="key" value="icon"></string>
        <string value=""></string>
        <string role="key" value="id"></string>
        <unicode value="0"></unicode>
        <string role="key" value="lastIdevice"></string>
        <bool value="0"></bool>
        <string role="key" value="originalicon"></string>
        <string value=""></string>
        <string role="key" value="parent"></string>
        <none></none>
        <string role="key" value="parentNode"></string>
        <reference key="4"></reference>
        <string role="key" value="systemResources"></string>
        <list></list>
        <string role="key" value="type"></string>
        <none></none>
        <string role="key" value="undo"></string>
        <bool value="1"></bool>
        <string role="key" value="userResources"></string>
        <list>
         <reference key="5"></reference>
        </list>
        <string role="key" value="version"></string>
        <int value="0"></int>
       </dictionary>
      </instance>
      <instance class="exe.engine.freetextidevice.FreeTextIdevice" reference="6">
       <dictionary>
        <string role="key" value="_title"></string>
        <unicode value="Free Text"></unicode>
        <string role="key" value="_author"></string>
        <unicode value="University of Auckland"></unicode>
        <string role="key" value="_purpose"></string>
        <unicode value="The majority of a learning resource will be 
establishing context, delivering instructions and providing general information.
This provides the framework within which the learning activities are built and 
delivered."></unicode>
        <string role="key" value="_tip"></string>
        <string value=""></string>
        <string role="key" value="childs"></string>
        <list></list>
        <string role="key" value="content"></string>
        <instance class="exe.engine.field.TextAreaField" reference="7">
         <dictionary>
          <string role="key" value="_id"></string>
          <int value="86"></int>
          <string role="key" value="_idevice"></string>
          <reference key="6"></reference>
          <string role="key" value="_instruc"></string>
          <unicode value="Use this field to enter text. This 
iDevice has no emphasis applied although limited formatting can be applied to 
text through the text editing buttons associated with the field."></unicode>
          <string role="key" value="_name"></string>
          <unicode value="Free Text"></unicode>
          <string role="key" value="anchor_names"></string>
          <list></list>
          <string role="key" value="anchors_linked_from_fields"></string>
          <dictionary></dictionary>
          <string role="key" value="content_w_resourcePaths"></string>
          <unicode content="true" value="&lt;center&gt;
&lt;p&gt;RUTAS INTERESANTES&lt;/p&gt;
&lt;/center&gt;
&lt;table border=&quot;0&quot; style=&quot;width: 80%;&quot;&gt;
&lt;tbody&gt;
&lt;tr&gt;
&lt;td&gt;&lt;img src=&quot;resources/IRLMS.png&quot; width=&quot;202&quot; height=&quot;199&quot; /&gt;&lt;/td&gt;
&lt;td&gt;&lt;img src=&quot;resources/IRTERRITORIUM.png&quot; width=&quot;202&quot; height=&quot;198&quot; /&gt;&lt;/td&gt;
&lt;td&gt;&lt;img src=&quot;resources/IRSOFIA.png&quot; width=&quot;195&quot; height=&quot;193&quot; /&gt;&lt;/td&gt;
&lt;td&gt;&lt;img src=&quot;resources/IRCGMLTI.png&quot; width=&quot;202&quot; height=&quot;199&quot; /&gt;&lt;/td&gt;
&lt;td&gt;&lt;/td&gt;
&lt;/tr&gt;
&lt;tr&gt;
&lt;td&gt;&lt;a href=&quot;https://github.com/fegasu/CGMLTI/tree/master/RAP4/TERRITORIUM&quot;&gt;&lt;strong&gt;MATERIALES DEL CURSO&lt;/strong&gt;&lt;/a&gt;&lt;/td&gt;
&lt;td&gt;
&lt;p style=&quot;text-align: left;&quot;&gt;&lt;a href=&quot;https://sena.entrenamiento.territorio.la/&quot;&gt;&lt;strong&gt;AMBIENTE DE&lt;/strong&gt;&lt;/a&gt;&lt;br /&gt;&lt;a href=&quot;https://sena.entrenamiento.territorio.la/&quot;&gt; &lt;strong&gt;ENTRENAMIENTO&lt;/strong&gt;&lt;/a&gt;&lt;/p&gt;
&lt;/td&gt;
&lt;td&gt;&lt;a href=&quot;http://senasofiaplus.edu.co/&quot;&gt;&lt;strong&gt;SOFIAPLUS&lt;/strong&gt;&lt;/a&gt;&lt;/td&gt;
&lt;td&gt;&lt;a href=&quot;https://mercadoslogisticaytecnologia.blogspot.com/&quot;&gt;&lt;strong&gt;BLOG CGMLTI&lt;/strong&gt;&lt;/a&gt;&lt;/td&gt;
&lt;td&gt;&lt;/td&gt;
&lt;/tr&gt;
&lt;/tbody&gt;
&lt;/table&gt;"></unicode>
          <string role="key" value="exe.engine.field.Field.persistenceVersion"></string>
          <int value="4"></int>
          <string role="key" value="exe.engine.field.FieldWithResources.persistenceVersion"></string>
          <int value="2"></int>
          <string role="key" value="exe.engine.field.TextAreaField.persistenceVersion"></string>
          <int value="3"></int>
          <string role="key" value="htmlTag"></string>
          <string value="div"></string>
          <string role="key" value="images"></string>
          <instance class="exe.engine.galleryidevice.GalleryImages">
           <dictionary>
            <string role="key" value=".listitems"></string>
            <list>
             <instance class="exe.engine.galleryidevice.GalleryImage">
              <dictionary>
               <string role="key" value="_caption"></string>
               <instance class="exe.engine.field.TextField">
                <dictionary>
                 <string role="key" value="_id"></string>
                 <int value="266"></int>
                 <string role="key" value="_idevice"></string>
                 <none></none>
                 <string role="key" value="_instruc"></string>
                 <string value=""></string>
                 <string role="key" value="_name"></string>
                 <string value=""></string>
                 <string role="key" value="content"></string>
                 <string value=""></string>
                 <string role="key" value="exe.engine.field.Field.persistenceVersion"></string>
                 <int value="4"></int>
                </dictionary>
               </instance>
               <string role="key" value="_id"></string>
               <unicode value="10_86.0"></unicode>
               <string role="key" value="_imageResource"></string>
               <instance class="exe.engine.resource.Resource" reference="8">
                <dictionary>
                 <string role="key" value="_idevice"></string>
                 <reference key="6"></reference>
                 <string role="key" value="_package"></string>
                 <reference key="2"></reference>
                 <string role="key" value="_storageName"></string>
                 <string value="IRLMS.png"></string>
                 <string role="key" value="_userName"></string>
                 <string value="c:\\users\\josefg~1\\appdata\\local\\temp\\tmpt1pbto.eXe\\previews\\allyourbase\\IRLMS.png"></string>
                 <string role="key" value="checksum"></string>
                 <string value="6da214bbdbb990e1382ebcc901770ce9"></string>
                 <string role="key" value="exe.engine.resource.Resource.persistenceVersion"></string>
                 <int value="2"></int>
                 <string role="key" value="exe.engine.resource._Resource.persistenceVersion"></string>
                 <int value="2"></int>
                </dictionary>
               </instance>
               <string role="key" value="_parent"></string>
               <reference key="7"></reference>
               <string role="key" value="_thumbnailResource"></string>
               <none></none>
               <string role="key" value="exe.engine.galleryidevice.GalleryImage.persistenceVersion"></string>
               <int value="3"></int>
               <string role="key" value="makeThumbnail"></string>
               <bool value="0"></bool>
              </dictionary>
             </instance>
             <instance class="exe.engine.galleryidevice.GalleryImage">
              <dictionary>
               <string role="key" value="_caption"></string>
               <instance class="exe.engine.field.TextField">
                <dictionary>
                 <string role="key" value="_id"></string>
                 <int value="267"></int>
                 <string role="key" value="_idevice"></string>
                 <none></none>
                 <string role="key" value="_instruc"></string>
                 <string value=""></string>
                 <string role="key" value="_name"></string>
                 <string value=""></string>
                 <string role="key" value="content"></string>
                 <string value=""></string>
                 <string role="key" value="exe.engine.field.Field.persistenceVersion"></string>
                 <int value="4"></int>
                </dictionary>
               </instance>
               <string role="key" value="_id"></string>
               <unicode value="10_86.1"></unicode>
               <string role="key" value="_imageResource"></string>
               <instance class="exe.engine.resource.Resource" reference="9">
                <dictionary>
                 <string role="key" value="_idevice"></string>
                 <reference key="6"></reference>
                 <string role="key" value="_package"></string>
                 <reference key="2"></reference>
                 <string role="key" value="_storageName"></string>
                 <string value="IRTERRITORIUM.png"></string>
                 <string role="key" value="_userName"></string>
                 <string value="c:\\users\\josefg~1\\appdata\\local\\temp\\tmpt1pbto.eXe\\previews\\allyourbase\\IRTERRITORIUM.png"></string>
                 <string role="key" value="checksum"></string>
                 <string value="923a8f85bd012e170e9abf9de1bede64"></string>
                 <string role="key" value="exe.engine.resource.Resource.persistenceVersion"></string>
                 <int value="2"></int>
                 <string role="key" value="exe.engine.resource._Resource.persistenceVersion"></string>
                 <int value="2"></int>
                </dictionary>
               </instance>
               <string role="key" value="_parent"></string>
               <reference key="7"></reference>
               <string role="key" value="_thumbnailResource"></string>
               <none></none>
               <string role="key" value="exe.engine.galleryidevice.GalleryImage.persistenceVersion"></string>
               <int value="3"></int>
               <string role="key" value="makeThumbnail"></string>
               <bool value="0"></bool>
              </dictionary>
             </instance>
             <instance class="exe.engine.galleryidevice.GalleryImage">
              <dictionary>
               <string role="key" value="_caption"></string>
               <instance class="exe.engine.field.TextField">
                <dictionary>
                 <string role="key" value="_id"></string>
                 <int value="269"></int>
                 <string role="key" value="_idevice"></string>
                 <none></none>
                 <string role="key" value="_instruc"></string>
                 <string value=""></string>
                 <string role="key" value="_name"></string>
                 <string value=""></string>
                 <string role="key" value="content"></string>
                 <string value=""></string>
                 <string role="key" value="exe.engine.field.Field.persistenceVersion"></string>
                 <int value="4"></int>
                </dictionary>
               </instance>
               <string role="key" value="_id"></string>
               <unicode value="10_86.3"></unicode>
               <string role="key" value="_imageResource"></string>
               <instance class="exe.engine.resource.Resource" reference="10">
                <dictionary>
                 <string role="key" value="_idevice"></string>
                 <reference key="6"></reference>
                 <string role="key" value="_package"></string>
                 <reference key="2"></reference>
                 <string role="key" value="_storageName"></string>
                 <string value="IRSOFIA.png"></string>
                 <string role="key" value="_userName"></string>
                 <string value="c:\\users\\josefg~1\\appdata\\local\\temp\\tmpt1pbto.eXe\\previews\\allyourbase\\IRSOFIA.png"></string>
                 <string role="key" value="checksum"></string>
                 <string value="428c23bb9ce2e1da05d0b2b1b31734b7"></string>
                 <string role="key" value="exe.engine.resource.Resource.persistenceVersion"></string>
                 <int value="2"></int>
                 <string role="key" value="exe.engine.resource._Resource.persistenceVersion"></string>
                 <int value="2"></int>
                </dictionary>
               </instance>
               <string role="key" value="_parent"></string>
               <reference key="7"></reference>
               <string role="key" value="_thumbnailResource"></string>
               <none></none>
               <string role="key" value="exe.engine.galleryidevice.GalleryImage.persistenceVersion"></string>
               <int value="3"></int>
               <string role="key" value="makeThumbnail"></string>
               <bool value="0"></bool>
              </dictionary>
             </instance>
             <instance class="exe.engine.galleryidevice.GalleryImage">
              <dictionary>
               <string role="key" value="_caption"></string>
               <instance class="exe.engine.field.TextField">
                <dictionary>
                 <string role="key" value="_id"></string>
                 <int value="270"></int>
                 <string role="key" value="_idevice"></string>
                 <none></none>
                 <string role="key" value="_instruc"></string>
                 <string value=""></string>
                 <string role="key" value="_name"></string>
                 <string value=""></string>
                 <string role="key" value="content"></string>
                 <string value=""></string>
                 <string role="key" value="exe.engine.field.Field.persistenceVersion"></string>
                 <int value="4"></int>
                </dictionary>
               </instance>
               <string role="key" value="_id"></string>
               <unicode value="10_86.4"></unicode>
               <string role="key" value="_imageResource"></string>
               <instance class="exe.engine.resource.Resource" reference="11">
                <dictionary>
                 <string role="key" value="_idevice"></string>
                 <reference key="6"></reference>
                 <string role="key" value="_package"></string>
                 <reference key="2"></reference>
                 <string role="key" value="_storageName"></string>
                 <string value="IRCGMLTI.png"></string>
                 <string role="key" value="_userName"></string>
                 <string value="c:\\users\\josefg~1\\appdata\\local\\temp\\tmpt1pbto.eXe\\previews\\allyourbase\\IRCGMLTI.png"></string>
                 <string role="key" value="checksum"></string>
                 <string value="a13b54fa98e45dd51a34db853727ee10"></string>
                 <string role="key" value="exe.engine.resource.Resource.persistenceVersion"></string>
                 <int value="2"></int>
                 <string role="key" value="exe.engine.resource._Resource.persistenceVersion"></string>
                 <int value="2"></int>
                </dictionary>
               </instance>
               <string role="key" value="_parent"></string>
               <reference key="7"></reference>
               <string role="key" value="_thumbnailResource"></string>
               <none></none>
               <string role="key" value="exe.engine.galleryidevice.GalleryImage.persistenceVersion"></string>
               <int value="3"></int>
               <string role="key" value="makeThumbnail"></string>
               <bool value="0"></bool>
              </dictionary>
             </instance>
            </list>
            <string role="key" value="idevice"></string>
            <reference key="7"></reference>
           </dictionary>
          </instance>
          <string role="key" value="intlinks_to_anchors"></string>
          <dictionary></dictionary>
          <string role="key" value="nextImageId"></string>
          <int value="5"></int>
          <string role="key" value="parentNode"></string>
          <reference key="4"></reference>
         </dictionary>
        </instance>
        <string role="key" value="edit"></string>
        <bool value="0"></bool>
        <string role="key" value="emphasis"></string>
        <int value="0"></int>
        <string role="key" value="exe.engine.freetextidevice.FreeTextIdevice.persistenceVersion"></string>
        <int value="7"></int>
        <string role="key" value="icon"></string>
        <string value=""></string>
        <string role="key" value="id"></string>
        <unicode value="10"></unicode>
        <string role="key" value="lastIdevice"></string>
        <bool value="0"></bool>
        <string role="key" value="originalicon"></string>
        <string value=""></string>
        <string role="key" value="parent"></string>
        <none></none>
        <string role="key" value="parentNode"></string>
        <reference key="4"></reference>
        <string role="key" value="systemResources"></string>
        <list></list>
        <string role="key" value="type"></string>
        <none></none>
        <string role="key" value="undo"></string>
        <bool value="1"></bool>
        <string role="key" value="userResources"></string>
        <list>
         <reference key="8"></reference>
         <reference key="9"></reference>
         <reference key="10"></reference>
         <reference key="11"></reference>
        </list>
        <string role="key" value="version"></string>
        <int value="0"></int>
       </dictionary>
      </instance>
     </list>
     <string role="key" value="_id"></string>
     <unicode value="0"></unicode>
     <string role="key" value="_package"></string>
     <reference key="2"></reference>
     <string role="key" value="anchor_fields"></string>
     <list></list>
     <string role="key" value="exe.engine.node.Node.persistenceVersion"></string>
     <int value="2"></int>
     <string role="key" value="exportType"></string>
     <string value="scorm"></string>
     <string role="key" value="last_full_node_path"></string>
     <string value="exe-node:TERRITORIUM%20SENA"></string>
     <string role="key" value="parent"></string>
     <none></none>
     <string role="key" value="top_anchors_linked_from_fields"></string>
     <list></list>
     <string role="key" value="children"></string>
     <list>
      <instance class="exe.engine.node.Node" reference="14">
       <dictionary>
        <string role="key" value="_title"></string>
        <unicode value="TEMAS"></unicode>
        <string role="key" value="idevices"></string>
        <list>
         <instance class="exe.engine.freetextidevice.FreeTextIdevice" reference="12">
          <dictionary>
           <string role="key" value="_title"></string>
           <unicode value="Free Text"></unicode>
           <string role="key" value="_author"></string>
           <unicode value="University of Auckland"></unicode>
           <string role="key" value="_purpose"></string>
           <unicode value="The majority of a learning resource will be 
establishing context, delivering instructions and providing general information.
This provides the framework within which the learning activities are built and 
delivered."></unicode>
           <string role="key" value="_tip"></string>
           <string value=""></string>
           <string role="key" value="childs"></string>
           <list></list>
           <string role="key" value="content"></string>
           <instance class="exe.engine.field.TextAreaField" reference="13">
            <dictionary>
             <string role="key" value="_id"></string>
             <int value="86"></int>
             <string role="key" value="_idevice"></string>
             <reference key="12"></reference>
             <string role="key" value="_instruc"></string>
             <unicode value="Use this field to enter text. This 
iDevice has no emphasis applied although limited formatting can be applied to 
text through the text editing buttons associated with the field."></unicode>
             <string role="key" value="_name"></string>
             <unicode value="Free Text"></unicode>
             <string role="key" value="anchor_names"></string>
             <list></list>
             <string role="key" value="anchors_linked_from_fields"></string>
             <dictionary></dictionary>
             <string role="key" value="content_w_resourcePaths"></string>
             <unicode content="true" value="&lt;h1 style=&quot;text-align: center;&quot;&gt;&lt;strong&gt;&lt;img src=&quot;resources/Plantilla_TERRITORIUM.png&quot; width=&quot;572&quot; height=&quot;178&quot; style=&quot;float: left;&quot; /&gt;&lt;br /&gt;&lt;/strong&gt;&lt;/h1&gt;
&lt;h1 style=&quot;text-align: center;&quot;&gt;&lt;/h1&gt;
&lt;h1 style=&quot;text-align: center;&quot;&gt;&lt;span style=&quot;font-family: 'arial black', 'avant garde';&quot;&gt;&lt;strong&gt;VIDEOS ENTRENAMIENTO DE TERRITORIUM&lt;/strong&gt;&lt;/span&gt;&lt;/h1&gt;
&lt;table style=&quot;width: 100%; border: 10,10,10,10;&quot;&gt;
&lt;tbody&gt;
&lt;tr&gt;
&lt;td colspan=&quot;2&quot; style=&quot;width: 38.3876%;&quot;&gt;&lt;/td&gt;
&lt;/tr&gt;
&lt;tr&gt;
&lt;td style=&quot;width: 57.6124%;&quot;&gt;&lt;button id=&quot;bt&quot; onclick=&quot;window.open('https://www.youtube.com/embed/lgcyVruvy1g&amp;amp;start=7&amp;amp;end=77','yyyyy')&quot;&gt;EDITAR PERFIL&lt;/button&gt; &lt;button id=&quot;bt&quot; onclick=&quot;window.open('https://www.youtube.com/embed/lgcyVruvy1g?feature=youtu.be&amp;amp;start=78&amp;amp;end=143','yyyyy')&quot;&gt;CREAR ANUNCIO&lt;/button&gt; &lt;button id=&quot;bt&quot; onclick=&quot;window.open('https://www.youtube.com/embed/lgcyVruvy1g?feature=youtu.be&amp;amp;start=144&amp;amp;end=200','yyyyy')&quot;&gt;CONFIGURACION EN TERRITORIUM&lt;/button&gt; &lt;button id=&quot;bt&quot; onclick=&quot;window.open('https://www.youtube.com/embed/lgcyVruvy1g?feature=youtu.be&amp;amp;start=201&amp;amp;end=320','yyyyy')&quot;&gt;GAMIFICACION&lt;/button&gt; &lt;button id=&quot;bt&quot; onclick=&quot;window.open('https://www.youtube.com/embed/lgcyVruvy1g?feature=youtu.be&amp;amp;start=321&amp;amp;end=462','yyyyy')&quot;&gt;PUBLICAR UN CONTENIDO&lt;/button&gt; &lt;button id=&quot;bt&quot; onclick=&quot;window.open('https://www.youtube.com/embed/lgcyVruvy1g?feature=youtu.be&amp;amp;start=463&amp;amp;end=569','yyyyy')&quot;&gt;PUBLICAR RECURSOS&lt;/button&gt; &lt;button id=&quot;bt&quot; onclick=&quot;window.open('https://www.youtube.com/embed/lgcyVruvy1g?feature=youtu.be&amp;amp;start=570&amp;amp;end=636 ','yyyyy')&quot;&gt;VISUALIZAR CONTENIDOS&lt;/button&gt; &lt;button id=&quot;bt&quot; onclick=&quot;window.open('https://www.youtube.com/embed/lgcyVruvy1g?feature=youtu.be&amp;amp;start=637&amp;amp;end=710 ','yyyyy')&quot;&gt;CREACION DE RUBRICAS&lt;/button&gt; &lt;button id=&quot;bt&quot; onclick=&quot;window.open('https://www.youtube.com/embed/lgcyVruvy1g?feature=youtu.be&amp;amp;start=711&amp;amp;end=951 ','yyyyy')&quot;&gt;CREACION DE EVIDENCIAS&lt;/button&gt; &lt;button id=&quot;bt&quot; onclick=&quot;window.open('https://www.youtube.com/embed/lgcyVruvy1g?feature=youtu.be&amp;amp;start=952&amp;amp;end=1131 ','yyyyy')&quot;&gt;EDITAR CONTENIDOS&lt;/button&gt; &lt;button id=&quot;bt&quot; onclick=&quot;window.open('https://www.youtube.com/embed/lgcyVruvy1g?feature=youtu.be&amp;amp;start=1132&amp;amp;end=1258 ','yyyyy')&quot;&gt;CREAR FOROS&lt;/button&gt; &lt;button id=&quot;bt&quot; onclick=&quot;window.open('https://www.youtube.com/embed/lgcyVruvy1g?feature=youtu.be&amp;amp;start=1259&amp;amp;end=1328 ','yyyyy')&quot;&gt;CREAR BLOGS&lt;/button&gt; &lt;button id=&quot;bt&quot; onclick=&quot;window.open('https://www.youtube.com/embed/lgcyVruvy1g?feature=youtu.be&amp;amp;start=1329&amp;amp;end=1963','yyyyy')&quot;&gt;SESION EN LINEA&lt;/button&gt; &lt;button id=&quot;bt&quot; onclick=&quot;window.open('https://www.youtube.com/embed/lgcyVruvy1g?feature=youtu.be&amp;amp;start=1964&amp;amp;end=2202 ','yyyyy')&quot;&gt;CREAR UNA EVALUACION&lt;/button&gt; &lt;button id=&quot;bt&quot; onclick=&quot;window.open('https://www.youtube.com/embed/lgcyVruvy1g?feature=youtu.be&amp;amp;start=2203&amp;amp;end=2542 ','yyyyy')&quot;&gt;CENTRO DE CALIFICACIONES&lt;/button&gt; &lt;button id=&quot;bt&quot; onclick=&quot;window.open('https://www.youtube.com/embed/lgcyVruvy1g?feature=youtu.be&amp;amp;start=2543 ','yyyyy')&quot;&gt;HERRAMIENTAS DE SEGUIMIENTO&lt;/button&gt;&lt;/td&gt;
&lt;/tr&gt;
&lt;/tbody&gt;
&lt;/table&gt;
&lt;p&gt;&lt;/p&gt;
&lt;div id=&quot;gtx-trans&quot; style=&quot;position: absolute; left: 1024px; top: 259.25px;&quot;&gt;
&lt;div class=&quot;gtx-trans-icon&quot;&gt;&lt;/div&gt;
&lt;/div&gt;"></unicode>
             <string role="key" value="exe.engine.field.Field.persistenceVersion"></string>
             <int value="4"></int>
             <string role="key" value="exe.engine.field.FieldWithResources.persistenceVersion"></string>
             <int value="2"></int>
             <string role="key" value="exe.engine.field.TextAreaField.persistenceVersion"></string>
             <int value="3"></int>
             <string role="key" value="htmlTag"></string>
             <string value="div"></string>
             <string role="key" value="images"></string>
             <instance class="exe.engine.galleryidevice.GalleryImages">
              <dictionary>
               <string role="key" value=".listitems"></string>
               <list>
                <instance class="exe.engine.galleryidevice.GalleryImage">
                 <dictionary>
                  <string role="key" value="_caption"></string>
                  <instance class="exe.engine.field.TextField">
                   <dictionary>
                    <string role="key" value="_id"></string>
                    <int value="265"></int>
                    <string role="key" value="_idevice"></string>
                    <none></none>
                    <string role="key" value="_instruc"></string>
                    <string value=""></string>
                    <string role="key" value="_name"></string>
                    <string value=""></string>
                    <string role="key" value="content"></string>
                    <string value=""></string>
                    <string role="key" value="exe.engine.field.Field.persistenceVersion"></string>
                    <int value="4"></int>
                   </dictionary>
                  </instance>
                  <string role="key" value="_id"></string>
                  <unicode value="9_86.0"></unicode>
                  <string role="key" value="_imageResource"></string>
                  <instance class="exe.engine.resource.Resource" reference="15">
                   <dictionary>
                    <string role="key" value="_idevice"></string>
                    <reference key="12"></reference>
                    <string role="key" value="_package"></string>
                    <reference key="2"></reference>
                    <string role="key" value="_storageName"></string>
                    <string value="Plantilla_TERRITORIUM.png"></string>
                    <string role="key" value="_userName"></string>
                    <string value="c:\\users\\josefg~1\\appdata\\local\\temp\\tmppfwfpt\\Plantilla_TERRITORIUM.png"></string>
                    <string role="key" value="checksum"></string>
                    <string value="e3381c3c87e48b1f3f0905a471aa91dc"></string>
                    <string role="key" value="exe.engine.resource.Resource.persistenceVersion"></string>
                    <int value="2"></int>
                    <string role="key" value="exe.engine.resource._Resource.persistenceVersion"></string>
                    <int value="2"></int>
                   </dictionary>
                  </instance>
                  <string role="key" value="_parent"></string>
                  <reference key="13"></reference>
                  <string role="key" value="_thumbnailResource"></string>
                  <none></none>
                  <string role="key" value="exe.engine.galleryidevice.GalleryImage.persistenceVersion"></string>
                  <int value="3"></int>
                  <string role="key" value="makeThumbnail"></string>
                  <bool value="0"></bool>
                 </dictionary>
                </instance>
               </list>
               <string role="key" value="idevice"></string>
               <reference key="13"></reference>
              </dictionary>
             </instance>
             <string role="key" value="intlinks_to_anchors"></string>
             <dictionary></dictionary>
             <string role="key" value="nextImageId"></string>
             <int value="1"></int>
             <string role="key" value="parentNode"></string>
             <reference key="14"></reference>
            </dictionary>
           </instance>
           <string role="key" value="edit"></string>
           <bool value="0"></bool>
           <string role="key" value="emphasis"></string>
           <int value="0"></int>
           <string role="key" value="exe.engine.freetextidevice.FreeTextIdevice.persistenceVersion"></string>
           <int value="7"></int>
           <string role="key" value="icon"></string>
           <string value=""></string>
           <string role="key" value="id"></string>
           <unicode value="9"></unicode>
           <string role="key" value="lastIdevice"></string>
           <bool value="0"></bool>
           <string role="key" value="originalicon"></string>
           <string value=""></string>
           <string role="key" value="parent"></string>
           <none></none>
           <string role="key" value="parentNode"></string>
           <reference key="14"></reference>
           <string role="key" value="systemResources"></string>
           <list></list>
           <string role="key" value="type"></string>
           <none></none>
           <string role="key" value="undo"></string>
           <bool value="1"></bool>
           <string role="key" value="userResources"></string>
           <list>
            <reference key="15"></reference>
           </list>
           <string role="key" value="version"></string>
           <int value="0"></int>
          </dictionary>
         </instance>
        </list>
        <string role="key" value="_id"></string>
        <unicode value="6"></unicode>
        <string role="key" value="_package"></string>
        <reference key="2"></reference>
        <string role="key" value="anchor_fields"></string>
        <list></list>
        <string role="key" value="exe.engine.node.Node.persistenceVersion"></string>
        <int value="2"></int>
        <string role="key" value="last_full_node_path"></string>
        <string value="exe-node:TERRITORIUM%20SENA:TEMAS"></string>
        <string role="key" value="parent"></string>
        <reference key="4"></reference>
        <string role="key" value="top_anchors_linked_from_fields"></string>
        <list></list>
        <string role="key" value="children"></string>
        <list></list>
       </dictionary>
      </instance>
     </list>
    </dictionary>
   </instance>
   <unicode role="key" value="6"></unicode>
   <reference key="14"></reference>
  </dictionary>
  <string role="key" value="_objectives"></string>
  <unicode value=""></unicode>
  <string role="key" value="_preknowledge"></string>
  <unicode value=""></unicode>
  <string role="key" value="backgroundImgTile"></string>
  <bool value="0"></bool>
  <string role="key" value="compatibleWithVersion9"></string>
  <bool value="0"></bool>
  <string role="key" value="currentNode"></string>
  <reference key="4"></reference>
  <string role="key" value="dublinCore"></string>
  <instance class="exe.engine.package.DublinCore">
   <dictionary>
    <string role="key" value="contributors"></string>
    <unicode value=""></unicode>
    <string role="key" value="coverage"></string>
    <unicode value=""></unicode>
    <string role="key" value="creator"></string>
    <unicode value=""></unicode>
    <string role="key" value="date"></string>
    <unicode value=""></unicode>
    <string role="key" value="description"></string>
    <unicode value=""></unicode>
    <string role="key" value="format"></string>
    <unicode value=""></unicode>
    <string role="key" value="identifier"></string>
    <unicode value="48cb35ae-0813-4295-80bb-e1664b57b91a"></unicode>
    <string role="key" value="language"></string>
    <unicode value="es"></unicode>
    <string role="key" value="publisher"></string>
    <unicode value=""></unicode>
    <string role="key" value="relation"></string>
    <unicode value=""></unicode>
    <string role="key" value="rights"></string>
    <unicode value=""></unicode>
    <string role="key" value="source"></string>
    <unicode value=""></unicode>
    <string role="key" value="subject"></string>
    <unicode value=""></unicode>
    <string role="key" value="title"></string>
    <unicode value=""></unicode>
    <string role="key" value="type"></string>
    <unicode value=""></unicode>
   </dictionary>
  </instance>
  <string role="key" value="exe.engine.package.Package.persistenceVersion"></string>
  <int value="13"></int>
  <string role="key" value="exportMetadataType"></string>
  <string value="LOMES"></string>
  <string role="key" value="exportSource"></string>
  <bool value="1"></bool>
  <string role="key" value="footer"></string>
  <string value=""></string>
  <string role="key" value="isLoading"></string>
  <bool value="0"></bool>
  <string role="key" value="license"></string>
  <unicode value=""></unicode>
  <string role="key" value="lom"></string>
  <instance class="exe.engine.lom.lomsubs.lomSub">
   <dictionary>
    <string role="key" value="__index__"></string>
    <dictionary></dictionary>
    <string role="key" value="__oldchild__"></string>
    <none></none>
    <string role="key" value="annotation"></string>
    <list></list>
    <string role="key" value="classification"></string>
    <list></list>
    <string role="key" value="educational"></string>
    <list>
     <instance class="exe.engine.lom.lomsubs.educationalSub">
      <dictionary>
       <string role="key" value="cognitiveProcess"></string>
       <list></list>
       <string role="key" value="context"></string>
       <list></list>
       <string role="key" value="description"></string>
       <list></list>
       <string role="key" value="difficulty"></string>
       <none></none>
       <string role="key" value="intendedEndUserRole"></string>
       <list></list>
       <string role="key" value="interactivityLevel"></string>
       <none></none>
       <string role="key" value="interactivityType"></string>
       <none></none>
       <string role="key" value="language"></string>
       <list>
        <instance class="exe.engine.lom.lomsubs.LanguageIdSub">
         <dictionary>
          <string role="key" value="extensiontype_"></string>
          <none></none>
          <string role="key" value="valueOf_"></string>
          <string value="es"></string>
         </dictionary>
        </instance>
       </list>
       <string role="key" value="learningResourceType"></string>
       <list></list>
       <string role="key" value="semanticDensity"></string>
       <none></none>
       <string role="key" value="typicalAgeRange"></string>
       <list></list>
       <string role="key" value="typicalLearningTime"></string>
       <none></none>
      </dictionary>
     </instance>
    </list>
    <string role="key" value="general"></string>
    <instance class="exe.engine.lom.lomsubs.generalSub">
     <dictionary>
      <string role="key" value="aggregationLevel"></string>
      <instance class="exe.engine.lom.lomsubs.aggregationLevelSub">
       <dictionary>
        <string role="key" value="extensiontype_"></string>
        <none></none>
        <string role="key" value="source"></string>
        <instance class="exe.engine.lom.lomsubs.sourceValueSub">
         <dictionary>
          <string role="key" value="extensiontype_"></string>
          <none></none>
          <string role="key" value="string"></string>
          <list></list>
          <string role="key" value="uniqueElementName"></string>
          <string value="source"></string>
          <string role="key" value="valueOf_"></string>
          <string value="LOMv1.0"></string>
         </dictionary>
        </instance>
        <string role="key" value="uniqueElementName"></string>
        <string value="aggregationLevel"></string>
        <string role="key" value="value"></string>
        <instance class="exe.engine.lom.lomsubs.aggregationLevelValueSub">
         <dictionary>
          <string role="key" value="extensiontype_"></string>
          <none></none>
          <string role="key" value="source"></string>
          <none></none>
          <string role="key" value="uniqueElementName"></string>
          <string value="value"></string>
          <string role="key" value="value"></string>
          <none></none>
          <string role="key" value="valueOf_"></string>
          <string value="2"></string>
         </dictionary>
        </instance>
       </dictionary>
      </instance>
      <string role="key" value="coverage"></string>
      <list></list>
      <string role="key" value="description"></string>
      <list></list>
      <string role="key" value="identifier"></string>
      <list>
       <instance class="exe.engine.lom.lomsubs.identifierSub">
        <dictionary>
         <string role="key" value="catalog"></string>
         <instance class="exe.engine.lom.lomsubs.catalogSub">
          <dictionary>
           <string role="key" value="uniqueElementName"></string>
           <string value="catalog"></string>
           <string role="key" value="valueOf_"></string>
           <unicode value="Mi catálogo"></unicode>
          </dictionary>
         </instance>
         <string role="key" value="entry"></string>
         <instance class="exe.engine.lom.lomsubs.entrySub">
          <dictionary>
           <string role="key" value="uniqueElementName"></string>
           <string value="entry"></string>
           <string role="key" value="valueOf_"></string>
           <unicode value="48cb35ae-0813-4295-80bb-e1664b57b91a"></unicode>
          </dictionary>
         </instance>
        </dictionary>
       </instance>
      </list>
      <string role="key" value="keyword"></string>
      <list></list>
      <string role="key" value="language"></string>
      <list>
       <instance class="exe.engine.lom.lomsubs.LanguageIdSub">
        <dictionary>
         <string role="key" value="extensiontype_"></string>
         <none></none>
         <string role="key" value="valueOf_"></string>
         <string value="es"></string>
        </dictionary>
       </instance>
      </list>
      <string role="key" value="structure"></string>
      <none></none>
      <string role="key" value="title"></string>
      <none></none>
      <string role="key" value="uniqueElementName"></string>
      <string value="general"></string>
     </dictionary>
    </instance>
    <string role="key" value="lifeCycle"></string>
    <none></none>
    <string role="key" value="metaMetadata"></string>
    <instance class="exe.engine.lom.lomsubs.metaMetadataSub">
     <dictionary>
      <string role="key" value="contribute"></string>
      <list></list>
      <string role="key" value="identifier"></string>
      <list></list>
      <string role="key" value="language"></string>
      <instance class="exe.engine.lom.lomsubs.LanguageIdSub">
       <dictionary>
        <string role="key" value="extensiontype_"></string>
        <none></none>
        <string role="key" value="valueOf_"></string>
        <string value="es"></string>
       </dictionary>
      </instance>
      <string role="key" value="metadataSchema"></string>
      <list>
       <instance class="exe.engine.lom.lomsubs.metadataSchemaSub">
        <dictionary>
         <string role="key" value="valueOf_"></string>
         <string value="LOMv1.0"></string>
        </dictionary>
       </instance>
      </list>
      <string role="key" value="uniqueElementName"></string>
      <string value="metaMetadata"></string>
     </dictionary>
    </instance>
    <string role="key" value="relation"></string>
    <list></list>
    <string role="key" value="rights"></string>
    <none></none>
    <string role="key" value="technical"></string>
    <none></none>
   </dictionary>
  </instance>
  <string role="key" value="lomEs"></string>
  <instance class="exe.engine.lom.lomsubs.lomSub">
   <dictionary>
    <string role="key" value="__index__"></string>
    <dictionary></dictionary>
    <string role="key" value="__oldchild__"></string>
    <none></none>
    <string role="key" value="annotation"></string>
    <list></list>
    <string role="key" value="classification"></string>
    <list></list>
    <string role="key" value="educational"></string>
    <list>
     <instance class="exe.engine.lom.lomsubs.educationalSub">
      <dictionary>
       <string role="key" value="cognitiveProcess"></string>
       <list></list>
       <string role="key" value="context"></string>
       <list></list>
       <string role="key" value="description"></string>
       <list></list>
       <string role="key" value="difficulty"></string>
       <none></none>
       <string role="key" value="intendedEndUserRole"></string>
       <list></list>
       <string role="key" value="interactivityLevel"></string>
       <none></none>
       <string role="key" value="interactivityType"></string>
       <none></none>
       <string role="key" value="language"></string>
       <list>
        <instance class="exe.engine.lom.lomsubs.LanguageIdSub">
         <dictionary>
          <string role="key" value="extensiontype_"></string>
          <none></none>
          <string role="key" value="valueOf_"></string>
          <string value="es"></string>
         </dictionary>
        </instance>
       </list>
       <string role="key" value="learningResourceType"></string>
       <list></list>
       <string role="key" value="semanticDensity"></string>
       <none></none>
       <string role="key" value="typicalAgeRange"></string>
       <list></list>
       <string role="key" value="typicalLearningTime"></string>
       <none></none>
      </dictionary>
     </instance>
    </list>
    <string role="key" value="general"></string>
    <instance class="exe.engine.lom.lomsubs.generalSub">
     <dictionary>
      <string role="key" value="aggregationLevel"></string>
      <instance class="exe.engine.lom.lomsubs.aggregationLevelSub">
       <dictionary>
        <string role="key" value="extensiontype_"></string>
        <none></none>
        <string role="key" value="source"></string>
        <instance class="exe.engine.lom.lomsubs.sourceValueSub">
         <dictionary>
          <string role="key" value="extensiontype_"></string>
          <none></none>
          <string role="key" value="string"></string>
          <list></list>
          <string role="key" value="uniqueElementName"></string>
          <string value="source"></string>
          <string role="key" value="valueOf_"></string>
          <string value="LOM-ESv1.0"></string>
         </dictionary>
        </instance>
        <string role="key" value="uniqueElementName"></string>
        <string value="aggregationLevel"></string>
        <string role="key" value="value"></string>
        <instance class="exe.engine.lom.lomsubs.aggregationLevelValueSub">
         <dictionary>
          <string role="key" value="extensiontype_"></string>
          <none></none>
          <string role="key" value="source"></string>
          <none></none>
          <string role="key" value="uniqueElementName"></string>
          <string value="value"></string>
          <string role="key" value="value"></string>
          <none></none>
          <string role="key" value="valueOf_"></string>
          <string value="2"></string>
         </dictionary>
        </instance>
       </dictionary>
      </instance>
      <string role="key" value="coverage"></string>
      <list></list>
      <string role="key" value="description"></string>
      <list></list>
      <string role="key" value="identifier"></string>
      <list>
       <instance class="exe.engine.lom.lomsubs.identifierSub">
        <dictionary>
         <string role="key" value="catalog"></string>
         <instance class="exe.engine.lom.lomsubs.catalogSub">
          <dictionary>
           <string role="key" value="uniqueElementName"></string>
           <string value="catalog"></string>
           <string role="key" value="valueOf_"></string>
           <unicode value="Mi catálogo"></unicode>
          </dictionary>
         </instance>
         <string role="key" value="entry"></string>
         <instance class="exe.engine.lom.lomsubs.entrySub">
          <dictionary>
           <string role="key" value="uniqueElementName"></string>
           <string value="entry"></string>
           <string role="key" value="valueOf_"></string>
           <unicode value="48cb35ae-0813-4295-80bb-e1664b57b91a"></unicode>
          </dictionary>
         </instance>
        </dictionary>
       </instance>
      </list>
      <string role="key" value="keyword"></string>
      <list></list>
      <string role="key" value="language"></string>
      <list>
       <instance class="exe.engine.lom.lomsubs.LanguageIdSub">
        <dictionary>
         <string role="key" value="extensiontype_"></string>
         <none></none>
         <string role="key" value="valueOf_"></string>
         <string value="es"></string>
        </dictionary>
       </instance>
      </list>
      <string role="key" value="structure"></string>
      <none></none>
      <string role="key" value="title"></string>
      <none></none>
      <string role="key" value="uniqueElementName"></string>
      <string value="general"></string>
     </dictionary>
    </instance>
    <string role="key" value="lifeCycle"></string>
    <none></none>
    <string role="key" value="metaMetadata"></string>
    <instance class="exe.engine.lom.lomsubs.metaMetadataSub">
     <dictionary>
      <string role="key" value="contribute"></string>
      <list></list>
      <string role="key" value="identifier"></string>
      <list></list>
      <string role="key" value="language"></string>
      <instance class="exe.engine.lom.lomsubs.LanguageIdSub">
       <dictionary>
        <string role="key" value="extensiontype_"></string>
        <none></none>
        <string role="key" value="valueOf_"></string>
        <string value="es"></string>
       </dictionary>
      </instance>
      <string role="key" value="metadataSchema"></string>
      <list>
       <instance class="exe.engine.lom.lomsubs.metadataSchemaSub">
        <dictionary>
         <string role="key" value="valueOf_"></string>
         <string value="LOM-ESv1.0"></string>
        </dictionary>
       </instance>
      </list>
      <string role="key" value="uniqueElementName"></string>
      <string value="metaMetadata"></string>
     </dictionary>
    </instance>
    <string role="key" value="relation"></string>
    <list></list>
    <string role="key" value="rights"></string>
    <instance class="exe.engine.lom.lomsubs.rightsSub">
     <dictionary>
      <string role="key" value="access"></string>
      <instance class="exe.engine.lom.lomsubs.accessSub">
       <dictionary>
        <string role="key" value="accessType"></string>
        <instance class="exe.engine.lom.lomsubs.accessTypeSub">
         <dictionary>
          <string role="key" value="extensiontype_"></string>
          <none></none>
          <string role="key" value="source"></string>
          <instance class="exe.engine.lom.lomsubs.sourceValueSub">
           <dictionary>
            <string role="key" value="extensiontype_"></string>
            <none></none>
            <string role="key" value="string"></string>
            <list></list>
            <string role="key" value="uniqueElementName"></string>
            <string value="source"></string>
            <string role="key" value="valueOf_"></string>
            <string value="LOM-ESv1.0"></string>
           </dictionary>
          </instance>
          <string role="key" value="uniqueElementName"></string>
          <string value="accessType"></string>
          <string role="key" value="value"></string>
          <instance class="exe.engine.lom.lomsubs.accessTypeValueSub">
           <dictionary>
            <string role="key" value="extensiontype_"></string>
            <none></none>
            <string role="key" value="source"></string>
            <none></none>
            <string role="key" value="uniqueElementName"></string>
            <string value="value"></string>
            <string role="key" value="value"></string>
            <none></none>
            <string role="key" value="valueOf_"></string>
            <string value="universal"></string>
           </dictionary>
          </instance>
         </dictionary>
        </instance>
        <string role="key" value="description"></string>
        <instance class="exe.engine.lom.lomsubs.LanguageStringSub">
         <dictionary>
          <string role="key" value="extensiontype_"></string>
          <none></none>
          <string role="key" value="string"></string>
          <list>
           <instance class="exe.engine.lom.lomsubs.LangStringSub">
            <dictionary>
             <string role="key" value="language"></string>
             <string value="es"></string>
             <string role="key" value="valueOf_"></string>
             <unicode value="Preestablecido"></unicode>
            </dictionary>
           </instance>
          </list>
         </dictionary>
        </instance>
        <string role="key" value="uniqueElementName"></string>
        <string value="access"></string>
       </dictionary>
      </instance>
      <string role="key" value="copyrightAndOtherRestrictions"></string>
      <none></none>
      <string role="key" value="cost"></string>
      <none></none>
      <string role="key" value="description"></string>
      <none></none>
      <string role="key" value="uniqueElementName"></string>
      <string value="rights"></string>
     </dictionary>
    </instance>
    <string role="key" value="technical"></string>
    <none></none>
   </dictionary>
  </instance>
  <string role="key" value="mxmlforcemediaonly"></string>
  <bool value="0"></bool>
  <string role="key" value="mxmlheight"></string>
  <string value=""></string>
  <string role="key" value="mxmlprofilelist"></string>
  <string value=""></string>
  <string role="key" value="mxmlwidth"></string>
  <string value=""></string>
  <string role="key" value="resources"></string>
  <dictionary>
   <string role="key" value="428c23bb9ce2e1da05d0b2b1b31734b7"></string>
   <list>
    <reference key="10"></reference>
   </list>
   <string role="key" value="6da214bbdbb990e1382ebcc901770ce9"></string>
   <list>
    <reference key="8"></reference>
   </list>
   <string role="key" value="923a8f85bd012e170e9abf9de1bede64"></string>
   <list>
    <reference key="9"></reference>
   </list>
   <string role="key" value="a13b54fa98e45dd51a34db853727ee10"></string>
   <list>
    <reference key="11"></reference>
   </list>
   <string role="key" value="e3381c3c87e48b1f3f0905a471aa91dc"></string>
   <list>
    <reference key="5"></reference>
    <reference key="15"></reference>
   </list>
  </dictionary>
  <string role="key" value="root"></string>
  <reference key="4"></reference>
  <string role="key" value="scolinks"></string>
  <bool value="0"></bool>
  <string role="key" value="scowsinglepage"></string>
  <bool value="0"></bool>
  <string role="key" value="scowwebsite"></string>
  <bool value="0"></bool>
  <string role="key" value="style"></string>
  <unicode value="sena"></unicode>
  <string role="key" value="sugaractivityname"></string>
  <string value=""></string>
  <string role="key" value="sugarservicename"></string>
  <string value=""></string>
  <string role="key" value="tempFile"></string>
  <bool value="0"></bool>
 </dictionary>
</instance>