<?xml version="1.0" encoding="UTF-8"?>
<!-- Generated by eXe - http://exelearning.net -->
<manifest identifier="eXeSQLMYSQL5ef8d3d42519ca0c911d" 
xmlns:xsi="http://www.w3.org/2001/XMLSchema-instance" 
xmlns:adlcp="http://www.adlnet.org/xsd/adlcp_v1p3" 
xmlns:adlseq="http://www.adlnet.org/xsd/adlseq_v1p3" 
xmlns:adlnav="http://www.adlnet.org/xsd/adlnav_v1p3" 
xmlns:imsss="http://www.imsglobal.org/xsd/imsss" 
xmlns:lom="http://ltsc.ieee.org/xsd/LOM" 
xmlns:lomes="http://ltsc.ieee.org/xsd/LOM" 
xmlns="http://www.imsglobal.org/xsd/imscp_v1p1" 
xsi:schemaLocation="http://www.imsglobal.org/xsd/imscp_v1p1 imscp_v1p1.xsd http://ltsc.ieee.org/xsd/LOM lomCustom.xsd http://www.adlnet.org/xsd/adlcp_v1p3 adlcp_v1p3.xsd  http://www.imsglobal.org/xsd/imsss imsss_v1p0.xsd  http://www.adlnet.org/xsd/adlseq_v1p3 adlseq_v1p3.xsd http://www.adlnet.org/xsd/adlnav_v1p3 adlnav_v1p3.xsd"> 
<metadata> 
 <schema>ADL SCORM</schema> 
 <schemaversion>2004 3rd Edition</schemaversion> 
 <adlcp:location>imslrm.xml</adlcp:location> 
</metadata> 
<organizations default="eXeSQLMYSQL5ef8d3d42519ca0c911e">  
    <organization identifier="eXeSQLMYSQL5ef8d3d42519ca0c911e" structure="hierarchical">
        <title>CURSO DE SQL PARA MYSQL</title>
<item identifier="ITEM-eXeSQLMYSQL5ef8d3d42519ca0c911f" isvisible="true" identifierref="RES-eXeSQLMYSQL5ef8d3d42519ca0c9120">
    <title>CURSO DE SQL PARA MYSQL</title>
</item>
  <imsss:sequencing>
    <imsss:controlMode choice="true" choiceExit="true" flow="true" forwardOnly="false"/>
  </imsss:sequencing>  </organization>
</organizations>
<resources>
  <resource identifier="RES-eXeSQLMYSQL5ef8d3d42519ca0c9120" type="webcontent" adlcp:scormType="sco" href="index.html"> 
    <file href="index.html"/> 
    <file href="exe_html5.js"/>
    <file href="CASO DE ESTUDIO SQL.pdf"/>
    <file href="CrucigramaSQL.htm"/>
    <file href="SALUDTABLAMYSQL.zip"/>
    <file href="HR.zip"/>
    <file href="GFPI-F-019_GUIA_DE_APRENDIZAJE_SQL_NF.pdf"/>
    <file href="HRMYSQL.zip"/>
    <file href="FICHEROSADJUNTOS.png"/>
    <dependency identifierref="COMMON_FILES"/>
  </resource>
  <resource identifier="COMMON_FILES" type="webcontent" adlcp:scormType="asset">
    <file href="compensar.png"/>
    <file href="config.xml"/>
    <file href="content.css"/>
    <file href="Fondo-1.gif"/>
    <file href="icon_account.png"/>
    <file href="icon_account_black.png"/>
    <file href="icon_account_white.png"/>
    <file href="icon_alarm.png"/>
    <file href="icon_alarm_black.png"/>
    <file href="icon_alarm_white.png"/>
    <file href="icon_announcement.png"/>
    <file href="icon_announcement_black.png"/>
    <file href="icon_announcement_white.png"/>
    <file href="icon_assessment.png"/>
    <file href="icon_assessment_black.png"/>
    <file href="icon_assessment_white.png"/>
    <file href="icon_assignment.png"/>
    <file href="icon_assignment_black.png"/>
    <file href="icon_assignment_list.png"/>
    <file href="icon_assignment_list_black.png"/>
    <file href="icon_assignment_list_white.png"/>
    <file href="icon_assignment_white.png"/>
    <file href="icon_backup.png"/>
    <file href="icon_backup_black.png"/>
    <file href="icon_backup_white.png"/>
    <file href="icon_camera.png"/>
    <file href="icon_camera_black.png"/>
    <file href="icon_camera_white.png"/>
    <file href="icon_description.png"/>
    <file href="icon_description_black.png"/>
    <file href="icon_description_white.png"/>
    <file href="icon_download.png"/>
    <file href="icon_download_black.png"/>
    <file href="icon_download_white.png"/>
    <file href="icon_event.png"/>
    <file href="icon_event_black.png"/>
    <file href="icon_event_white.png"/>
    <file href="icon_exit.png"/>
    <file href="icon_exit_black.png"/>
    <file href="icon_exit_white.png"/>
    <file href="icon_explore.png"/>
    <file href="icon_explore_black.png"/>
    <file href="icon_explore_white.png"/>
    <file href="icon_info.png"/>
    <file href="icon_info_black.png"/>
    <file href="icon_info_white.png"/>
    <file href="icon_media.png"/>
    <file href="icon_media_black.png"/>
    <file href="icon_media_white.png"/>
    <file href="icon_note.png"/>
    <file href="icon_note_black.png"/>
    <file href="icon_note_white.png"/>
    <file href="icon_puzzle.png"/>
    <file href="icon_puzzle_black.png"/>
    <file href="icon_puzzle_white.png"/>
    <file href="icon_question.png"/>
    <file href="icon_question_black.png"/>
    <file href="icon_question_white.png"/>
    <file href="icon_renew.png"/>
    <file href="icon_renew_black.png"/>
    <file href="icon_renew_white.png"/>
    <file href="icon_search.png"/>
    <file href="icon_search_black.png"/>
    <file href="icon_search_white.png"/>
    <file href="icon_star.png"/>
    <file href="icon_star_black.png"/>
    <file href="icon_star_white.png"/>
    <file href="icon_unread.png"/>
    <file href="icon_unread_black.png"/>
    <file href="icon_unread_white.png"/>
    <file href="icon_wifi.png"/>
    <file href="icon_wifi_black.png"/>
    <file href="icon_wifi_white.png"/>
    <file href="logosena.jpg"/>
    <file href="logosena.png"/>
    <file href="logouni.jpg"/>
    <file href="nav.css"/>
    <file href="_style_icons.png"/>
    <file href="_style_icons_black.png"/>
    <file href="_style_icons_white.png"/>
    <file href="_style_input_checkbox.png"/>
    <file href="_style_input_radio.png"/>
    <file href="_style_js.js"/>
    <file href="_style_licenses.png"/>
    <file href="base.css"/>
    <file href="popup_bg.gif"/>
    <file href="SCORM_API_wrapper.js"/>
    <file href="SCOFunctions.js"/>
    <file href="exe_jquery.js"/>
  </resource>
</resources>
</manifest>
