<?xml version="1.0" encoding="utf-8"?>

<instance xmlns="http://www.exelearning.org/content/v0.3" reference="4" version="0.3" xmlns:xsi="http://www.w3.org/2001/XMLSchema-instance" xsi:schemalocation="http://www.exelearning.org/content/v0.3 content.xsd" class="exe.engine.package.Package">
 <dictionary>
  <string role="key" value="_title"></string>
  <unicode value=""></unicode>
  <string role="key" value="idevices"></string>
  <list></list>
  <string role="key" value="_backgroundImg"></string>
  <unicode value=""></unicode>
  <string role="key" value="_contextMode"></string>
  <unicode value=""></unicode>
  <string role="key" value="_contextPlace"></string>
  <unicode value=""></unicode>
  <string role="key" value="_docType"></string>
  <string value="XHTML"></string>
  <string role="key" value="_intendedEndUserRoleGroup"></string>
  <bool value="0"></bool>
  <string role="key" value="_intendedEndUserRoleTutor"></string>
  <bool value="0"></bool>
  <string role="key" value="_intendedEndUserRoleType"></string>
  <unicode value=""></unicode>
  <string role="key" value="_isChanged"></string>
  <bool value="0"></bool>
  <string role="key" value="_lang"></string>
  <string value="es"></string>
  <string role="key" value="_learningResourceType"></string>
  <unicode value=""></unicode>
  <string role="key" value="_levelNames"></string>
  <list>
   <unicode value="Topic"></unicode>
   <unicode value="Section"></unicode>
   <unicode value="Unit"></unicode>
  </list>
  <string role="key" value="_name"></string>
  <unicode value="PHP1"></unicode>
  <string role="key" value="_nextIdeviceId"></string>
  <int value="1"></int>
  <string role="key" value="_nextNodeId"></string>
  <int value="1"></int>
  <string role="key" value="_nodeIdDict"></string>
  <dictionary>
   <unicode role="key" value="0"></unicode>
   <instance class="exe.engine.node.Node" reference="3">
    <dictionary>
     <string role="key" value="_title"></string>
     <unicode value="Inicio"></unicode>
     <string role="key" value="idevices"></string>
     <list>
      <instance class="exe.engine.freetextidevice.FreeTextIdevice" reference="1">
       <dictionary>
        <string role="key" value="_title"></string>
        <unicode value="Free Text"></unicode>
        <string role="key" value="_author"></string>
        <unicode value="University of Auckland"></unicode>
        <string role="key" value="_purpose"></string>
        <unicode value="The majority of a learning resource will be 
establishing context, delivering instructions and providing general information.
This provides the framework within which the learning activities are built and 
delivered."></unicode>
        <string role="key" value="_tip"></string>
        <string value=""></string>
        <string role="key" value="childs"></string>
        <list></list>
        <string role="key" value="content"></string>
        <instance class="exe.engine.field.TextAreaField" reference="2">
         <dictionary>
          <string role="key" value="_id"></string>
          <int value="86"></int>
          <string role="key" value="_idevice"></string>
          <reference key="1"></reference>
          <string role="key" value="_instruc"></string>
          <unicode value="Use this field to enter text. This 
iDevice has no emphasis applied although limited formatting can be applied to 
text through the text editing buttons associated with the field."></unicode>
          <string role="key" value="_name"></string>
          <unicode value="Free Text"></unicode>
          <string role="key" value="anchor_names"></string>
          <list></list>
          <string role="key" value="content_w_resourcePaths"></string>
          <unicode content="true" value="&lt;!--?xml version=&quot;1.0&quot;?--&gt;
&lt;p&gt;&lt;/p&gt;
&lt;meta name=&quot;author&quot; content=&quot;Created with Hot Potatoes by Half-Baked Software, registered to fegasu.&quot; /&gt;&lt;meta name=&quot;keywords&quot; content=&quot;Hot Potatoes, Hot Potatoes, Half-Baked Software, Windows, University of Victoria&quot; /&gt;
&lt;p&gt;&lt;link rel=&quot;schema.DC&quot; href=&quot;http://purl.org/dc/elements/1.1/&quot; /&gt;&lt;/p&gt;
&lt;meta name=&quot;DC:Creator&quot; content=&quot;fegasu&quot; /&gt;&lt;meta name=&quot;DC:Title&quot; content=&quot;DESARROLLO WEB CON PHP&quot; /&gt;&lt;meta http-equiv=&quot;Content-Type&quot; content=&quot;text/html; charset=iso-8859-1&quot; /&gt;
&lt;title&gt;DESARROLLO WEB CON PHP&lt;/title&gt;
&lt;!-- Made with executable version 6.3 Release 0 Build 3 --&gt;
&lt;p&gt; &lt;/p&gt;
&lt;!-- The following insertion allows you to add your own code directly to this head tag from the configuration screen --&gt;
&lt;style type=&quot;text/css&quot;&gt;&lt;!--
/* This is the CSS stylesheet used in the exercise. */
/* Elements in square brackets are replaced by data based on configuration settings when the exercise is built. */

/* BeginCorePageCSS */

/* Made with executable version 6.3 Release 0 Build 3 */


/* Hack to hide a nested Quicktime player from IE, which can't handle it. */
* html object.MediaPlayerNotForIE {
	display: none;
}

body{
	font-family: Geneva,Arial,sans-serif;
	background-color: #C0C0C0;
	color: #000000;
 
	margin-right: 5%;
	margin-left: 5%;
	font-size: small;
}

p{
	text-align: left;
	margin: 0px;
	font-size: 100%;
}

table,div,span,td{
	font-size: 100%;
	color: #000000;
}

div.Titles{
	padding: 0.5em;;
	text-align: center;
	color: #000000;
}

button{
	font-family: Geneva,Arial,sans-serif;
	font-size: 100%;
	display: inline;
}

.ExerciseTitle{
	font-size: 140%;
	color: #000000;
}

.ExerciseSubtitle{
	font-size: 120%;
	color: #000000;
}

div.StdDiv{
	background-color: #FFFFFF;
	text-align: center;
	font-size: 100%;
	color: #000000;
	padding: 0.5em;
	border-style: solid;
	border-width: 1px 1px 1px 1px;
	border-color: #000000;
	margin-bottom: 1px;
}

/* EndCorePageCSS */

.RTLText{
	text-align: right;
	font-size: 150%;
	direction: rtl;
	font-family: &quot;Simplified Arabic&quot;, &quot;Traditional Arabic&quot;, &quot;Times New Roman&quot;, Geneva,Arial,sans-serif; 
}

.CentredRTLText{
	text-align: center;
	font-size: 150%;
	direction: rtl;
	font-family: &quot;Simplified Arabic&quot;, &quot;Traditional Arabic&quot;, &quot;Times New Roman&quot;, Geneva,Arial,sans-serif; 
}

button p.RTLText{
	text-align: center;
}

.RTLGapBox{
	text-align: right;
	font-size: 150%;
	direction: rtl;
	font-family: &quot;Times New Roman&quot;, Geneva,Arial,sans-serif;
}

.Guess{
	font-weight: bold;
}

.CorrectAnswer{
	font-weight: bold;
}

div#Timer{
	padding: 0.25em;
	margin-left: auto;
	margin-right: auto;
	text-align: center;
	color: #000000;
}

span#TimerText{
	padding: 0.25em;
	border-width: 1px;
	border-style: solid;
	font-weight: bold;
	display: none;
	color: #000000;
}

span.Instructions{

}

div.ExerciseText{

}

.FeedbackText, .FeedbackText span.CorrectAnswer, .FeedbackText span.Guess, .FeedbackText span.Answer{
	color: #000000;
}

.LeftItem{
	font-size: 100%;
	color: #000000;
	text-align: left;
}

.RightItem{
	font-weight: bold;
	font-size: 100%;
	color: #000000;
}

span.CorrectMark{

}

input, textarea{
	font-family: Geneva,Arial,sans-serif;
	font-size: 120%;
}

select{
	font-size: 100%;
}

div.Feedback {
	background-color: #C0C0C0;
	left: 33%;
	width: 34%;
	top: 33%;
	z-index: 1;
	border-style: solid;
	border-width: 1px;
	padding: 5px;
	text-align: center;
	color: #000000;
	position: absolute;
	display: none;
	font-size: 100%;
}




div.ExerciseDiv{
	color: #000000;
}

/* JMatch flashcard styles */
table.FlashcardTable{
	background-color: transparent;
	color: #000000;
	border-color: #000000;
	margin-left: 5%;
	margin-right: 5%;
	margin-top: 2em;
	margin-bottom: 2em;
	width: 90%;
	position: relative;
	text-align: center;
	padding: 0px;
}

table.FlashcardTable tr{
	border-style: none;
	margin: 0px;
	padding: 0px;
	background-color: #FFFFFF;
}

table.FlashcardTable td.Showing{
	font-size: 140%;
	text-align: center;
	width: 50%;
	display: table-cell;
	padding: 2em;
	margin: 0px;
	border-style: solid;
	border-width: 1px;
	color: #000000;
	background-color: #FFFFFF;
}

table.FlashcardTable td.Hidden{
	display: none;
}

/* JMix styles */
div#SegmentDiv{
	margin-top: 2em;
	margin-bottom: 2em;
	text-align: center;
}

a.ExSegment{
	font-size: 120%;
	font-weight: bold;
	text-decoration: none;
	color: #000000;
}

span.RemainingWordList{
	font-style: italic;
}

div.DropLine {
	position: absolute;
	text-align: center;
	border-bottom-style: solid;
	border-bottom-width: 1px;
	border-bottom-color: #000000;
	width: 80%;
}

/* JCloze styles */

.ClozeWordList{
	text-align: center;
	font-weight: bold;
}

div.ClozeBody{
	text-align: left;
	margin-top: 2em;
	margin-bottom: 2em;
	line-height: 2.0
}

span.GapSpan{
	font-weight: bold;
}

/* JCross styles */

table.CrosswordGrid{
	margin: auto auto 1em auto;
	border-collapse: collapse;
	padding: 0px;
	background-color: #000000;
}

table.CrosswordGrid tbody tr td{
	width: 1.5em;
	height: 1.5em;
	text-align: center;
	vertical-align: middle;
	font-size: 140%;
	padding: 1px;
	margin: 0px;
	border-style: solid;
	border-width: 1px;
	border-color: #000000;
	color: #000000;
}

table.CrosswordGrid span{
	color: #000000;
}

table.CrosswordGrid td.BlankCell{
	background-color: #000000;
	color: #000000;
}

table.CrosswordGrid td.LetterOnlyCell{
	text-align: center;
	vertical-align: middle;
	background-color: #ffffff;
	color: #000000;
	font-weight: bold;
}

table.CrosswordGrid td.NumLetterCell{
	text-align: left;
	vertical-align: top;
	background-color: #ffffff;
	color: #000000;
	padding: 1px;
	font-weight: bold;
}

.NumLetterCellText{
	cursor: pointer;
	color: #000000;
}

.GridNum{
	vertical-align: super;
	font-size: 66%;
	font-weight: bold;
	text-decoration: none;
	color: #000000;
}

.GridNum:hover, .GridNum:visited{
	color: #000000;
}

table#Clues{
	margin: auto;
	vertical-align: top;
}

table#Clues td{
	vertical-align: top;
}

table.ClueList{
  margin: auto;
}

td.ClueNum{
	text-align: right;
	font-weight: bold;
	vertical-align: top;
}

td.Clue{
	text-align: left;
}

div#ClueEntry{
	text-align: left;
	margin-bottom: 1em;
}

/* Keypad styles */

div.Keypad{
	text-align: center;
	display: none; /* initially hidden, shown if needed */
	margin-bottom: 0.5em;
}

div.Keypad button{
	font-family: Geneva,Arial,sans-serif;
	font-size: 120%;
	background-color: #ffffff;
	color: #000000;
	width: 2em;
}

/* JQuiz styles */

div.QuestionNavigation{
	text-align: center;
}

.QNum{
	margin: 0em 1em 0.5em 1em;
	font-weight: bold;
	vertical-align: middle;
}

textarea{
	font-family: Geneva,Arial,sans-serif;
}

.QuestionText{
	text-align: left;
	margin: 0px;
	font-size: 100%;
}

.Answer{
	font-size: 120%;
	letter-spacing: 0.1em;
}

.PartialAnswer{
	font-size: 120%;
	letter-spacing: 0.1em;
	color: #000000;
}

.Highlight{
	color: #000000;
	background-color: #ffff00;
	font-weight: bold;
	font-size: 120%;
}

ol.QuizQuestions{
	text-align: left;
	list-style-type: none;
}

li.QuizQuestion{
	padding: 1em;
	border-style: solid;
	border-width: 0px 0px 1px 0px;
}

ol.MCAnswers{
	text-align: left;
	list-style-type: upper-alpha;
	padding: 1em;
}

ol.MCAnswers li{
	margin-bottom: 1em;
}

ol.MSelAnswers{
	text-align: left;
	list-style-type: lower-alpha;
	padding: 1em;
}

div.ShortAnswer{
	padding: 1em;
}

.FuncButton {
	text-align: center;
	border-style: solid;

	border-left-color: #ffffff;
	border-top-color: #ffffff;
	border-right-color: #7f7f7f;
	border-bottom-color: #7f7f7f;
	color: #000000;
	background-color: #FFFFFF;

	border-width: 2px;
	padding: 3px 6px 3px 6px;
	cursor: pointer;
}

.FuncButtonUp {
	color: #FFFFFF;
	text-align: center;
	border-style: solid;

	border-left-color: #ffffff;
	border-top-color: #ffffff;
	border-right-color: #7f7f7f;
	border-bottom-color: #7f7f7f;

	background-color: #000000;
	color: #FFFFFF;
	border-width: 2px;
	padding: 3px 6px 3px 6px;
	cursor: pointer;
}

.FuncButtonDown {
	color: #FFFFFF;
	text-align: center;
	border-style: solid;

	border-left-color: #7f7f7f;
	border-top-color: #7f7f7f;
	border-right-color: #ffffff;
	border-bottom-color: #ffffff;
	background-color: #000000;
	color: #FFFFFF;

	border-width: 2px;
	padding: 3px 6px 3px 6px;
	cursor: pointer;
}

/*BeginNavBarStyle*/

div.NavButtonBar{
	background-color: #000000;
	text-align: center;
	margin: 2px 0px 2px 0px;
	clear: both;
	font-size: 100%;
}

.NavButton {
	border-style: solid;
	
	border-left-color: #7f7f7f;
	border-top-color: #7f7f7f;
	border-right-color: #000000;
	border-bottom-color: #000000;
	background-color: #000000;
	color: #ffffff;

	border-width: 2px;
	cursor: pointer;	
}

.NavButtonUp {
	border-style: solid;

	border-left-color: #7f7f7f;
	border-top-color: #7f7f7f;
	border-right-color: #000000;
	border-bottom-color: #000000;
	color: #000000;
	background-color: #ffffff;

	border-width: 2px;
	cursor: pointer;	
}

.NavButtonDown {
	border-style: solid;

	border-left-color: #000000;
	border-top-color: #000000;
	border-right-color: #7f7f7f;
	border-bottom-color: #7f7f7f;
	color: #000000;
	background-color: #ffffff;

	border-width: 2px;
	cursor: pointer;	
}

/*EndNavBarStyle*/

a{
	color: #0000FF;
}

a:visited{
	color: #0000CC;
}

a:hover{
	color: #0000FF;
}

div.CardStyle {
	position: absolute;
	font-family: Geneva,Arial,sans-serif;
	font-size: 100%;
	padding: 5px;
	border-style: solid;
	border-width: 1px;
	color: #000000;
	background-color: #FFFFFF;
	left: -50px;
	top: -50px;
	overflow: visible;
}

.rtl{
	text-align: right;
	font-size: 140%;
}
--&gt;&lt;/style&gt;
&lt;script type=&quot;text/javascript&quot;&gt;// &lt;![CDATA[
&lt;!--




function Client(){
//if not a DOM browser, hopeless
	this.min = false; if (document.getElementById){this.min = true;};

	this.ua = navigator.userAgent;
	this.name = navigator.appName;
	this.ver = navigator.appVersion;  

//Get data about the browser
	this.mac = (this.ver.indexOf('Mac') != -1);
	this.win = (this.ver.indexOf('Windows') != -1);

//Look for Gecko
	this.gecko = (this.ua.indexOf('Gecko') &gt; 1);
	if (this.gecko){
		this.geckoVer = parseInt(this.ua.substring(this.ua.indexOf('Gecko')+6, this.ua.length));
		if (this.geckoVer &lt; 20020000){this.min = false;}
	}
	
//Look for Firebird
	this.firebird = (this.ua.indexOf('Firebird') &gt; 1);
	
//Look for Safari
	this.safari = (this.ua.indexOf('Safari') &gt; 1);
	if (this.safari){
		this.gecko = false;
	}
	
//Look for IE
	this.ie = (this.ua.indexOf('MSIE') &gt; 0);
	if (this.ie){
		this.ieVer = parseFloat(this.ua.substring(this.ua.indexOf('MSIE')+5, this.ua.length));
		if (this.ieVer &lt; 5.5){this.min = false;}
	}
	
//Look for Opera
	this.opera = (this.ua.indexOf('Opera') &gt; 0);
	if (this.opera){
		this.operaVer = parseFloat(this.ua.substring(this.ua.indexOf('Opera')+6, this.ua.length));
		if (this.operaVer &lt; 7.04){this.min = false;}
	}
	if (this.min == false){
		alert('Your browser may not be able to handle this page.');
	}
	
//Special case for the horrible ie5mac
	this.ie5mac = (this.ie&amp;&amp;this.mac&amp;&amp;(this.ieVer&lt;6));
}

var C = new Client();

//for (prop in C){
//	alert(prop + ': ' + C[prop]);
//}



//CODE FOR HANDLING NAV BUTTONS AND FUNCTION BUTTONS

//[strNavBarJS]
function NavBtnOver(Btn){
	if (Btn.className != 'NavButtonDown'){Btn.className = 'NavButtonUp';}
}

function NavBtnOut(Btn){
	Btn.className = 'NavButton';
}

function NavBtnDown(Btn){
	Btn.className = 'NavButtonDown';
}
//[/strNavBarJS]

function FuncBtnOver(Btn){
	if (Btn.className != 'FuncButtonDown'){Btn.className = 'FuncButtonUp';}
}

function FuncBtnOut(Btn){
	Btn.className = 'FuncButton';
}

function FuncBtnDown(Btn){
	Btn.className = 'FuncButtonDown';
}

function FocusAButton(){
	if (document.getElementById('CheckButton1') != null){
		document.getElementById('CheckButton1').focus();
	}
	else{
		if (document.getElementById('CheckButton2') != null){
			document.getElementById('CheckButton2').focus();
		}
		else{
			document.getElementsByTagName('button')[0].focus();
		}
	}
}




//CODE FOR HANDLING DISPLAY OF POPUP FEEDBACK BOX

var topZ = 1000;

function ShowMessage(Feedback){
	var Output = Feedback + '&lt;br /&gt;&lt;br /&gt;';
	document.getElementById('FeedbackContent').innerHTML = Output;
	var FDiv = document.getElementById('FeedbackDiv');
	topZ++;
	FDiv.style.zIndex = topZ;
	FDiv.style.top = TopSettingWithScrollOffset(30) + 'px';

	FDiv.style.display = 'block';

	ShowElements(false, 'input');
	ShowElements(false, 'select');
	ShowElements(false, 'object');
	ShowElements(true, 'object', 'FeedbackContent');

//Focus the OK button
	setTimeout(&quot;document.getElementById('FeedbackOKButton').focus()&quot;, 50);
	
//
}

function ShowElements(Show, TagName, ContainerToReverse){
// added third argument to allow objects in the feedback box to appear
//IE bug -- hide all the form elements that will show through the popup
//FF on Mac bug : doesn't redisplay objects whose visibility is set to visible
//unless the object's display property is changed

	//get container object (by Id passed in, or use document otherwise)
	TopNode = document.getElementById(ContainerToReverse);
	var Els;
	if (TopNode != null) {
		Els = TopNode.getElementsByTagName(TagName);
	} else {
		Els = document.getElementsByTagName(TagName);
	}

	for (var i=0; i&lt;Els.length; i++){
		if (TagName == &quot;object&quot;) {
			//manipulate object elements in all browsers
			if (Show == true){
				Els[i].style.visibility = 'visible';
				//get Mac FireFox to manipulate display, to force screen redraw
				if (C.mac &amp;&amp; C.gecko) {Els[i].style.display = '';}
			}
			else{
				Els[i].style.visibility = 'hidden';
				if (C.mac &amp;&amp; C.gecko) {Els[i].style.display = 'none';}
			}
		} 
		else {
			// tagName is either input or select (that is, Form Elements)
			// ie6 has a problem with Form elements, so manipulate those
			if (C.ie) {
				if (C.ieVer &lt; 7) {
					if (Show == true){
						Els[i].style.visibility = 'visible';
					}
					else{
						Els[i].style.visibility = 'hidden';
					}
				}
			}
		}
	}
}



function HideFeedback(){
	document.getElementById('FeedbackDiv').style.display = 'none';
	ShowElements(true, 'input');
	ShowElements(true, 'select');
	ShowElements(true, 'object');
	if (Finished == true){
		Finish();
	}
}


//GENERAL UTILITY FUNCTIONS AND VARIABLES

//PAGE DIMENSION FUNCTIONS
function PageDim(){
//Get the page width and height
	this.W = 600;
	this.H = 400;
	this.W = document.getElementsByTagName('body')[0].clientWidth;
	this.H = document.getElementsByTagName('body')[0].clientHeight;
}

var pg = null;

function GetPageXY(El) {
	var XY = {x: 0, y: 0};
	while(El){
		XY.x += El.offsetLeft;
		XY.y += El.offsetTop;
		El = El.offsetParent;
	}
	return XY;
}

function GetScrollTop(){
	if (typeof(window.pageYOffset) == 'number'){
		return window.pageYOffset;
	}
	else{
		if ((document.body)&amp;&amp;(document.body.scrollTop)){
			return document.body.scrollTop;
		}
		else{
			if ((document.documentElement)&amp;&amp;(document.documentElement.scrollTop)){
				return document.documentElement.scrollTop;
			}
			else{
				return 0;
			}
		}
	}
}

function GetViewportHeight(){
	if (typeof window.innerHeight != 'undefined'){
		return window.innerHeight;
	}
	else{
		if (((typeof document.documentElement != 'undefined')&amp;&amp;(typeof document.documentElement.clientHeight !=
     'undefined'))&amp;&amp;(document.documentElement.clientHeight != 0)){
			return document.documentElement.clientHeight;
		}
		else{
			return document.getElementsByTagName('body')[0].clientHeight;
		}
	}
}

function TopSettingWithScrollOffset(TopPercent){
	var T = Math.floor(GetViewportHeight() * (TopPercent/100));
	return GetScrollTop() + T; 
}

//CODE FOR AVOIDING LOSS OF DATA WHEN BACKSPACE KEY INVOKES history.back()
var InTextBox = false;

function SuppressBackspace(e){ 
	if (InTextBox == true){return;}
	if (C.ie) {
		thisKey = window.event.keyCode;
	}
	else {
		thisKey = e.keyCode;
	}

	var Suppress = false;

	if (thisKey == 8) {
		Suppress = true;
	}

	if (Suppress == true){
		if (C.ie){
			window.event.returnValue = false;	
			window.event.cancelBubble = true;
		}
		else{
			e.preventDefault();
		}
	}
}

if (C.ie){
	document.attachEvent('onkeydown',SuppressBackspace);
	window.attachEvent('onkeydown',SuppressBackspace);
}
else{
	if (window.addEventListener){
		window.addEventListener('keypress',SuppressBackspace,false);
	}
}

function ReduceItems(InArray, ReduceToSize){
	var ItemToDump=0;
	var j=0;
	while (InArray.length &gt; ReduceToSize){
		ItemToDump = Math.floor(InArray.length*Math.random());
		InArray.splice(ItemToDump, 1);
	}
}

function Shuffle(InArray){
	var Num;
	var Temp = new Array();
	var Len = InArray.length;

	var j = Len;

	for (var i=0; i&lt;Len; i++){
		Temp[i] = InArray[i];
	}

	for (i=0; i&lt;Len; i++){
		Num = Math.floor(j  *  Math.random());
		InArray[i] = Temp[Num];

		for (var k=Num; k &lt; (j-1); k++) {
			Temp[k] = Temp[k+1];
		}
		j--;
	}
	return InArray;
}

function WriteToInstructions(Feedback) {
	document.getElementById('InstructionsDiv').innerHTML = Feedback;

}




function EscapeDoubleQuotes(InString){
	return InString.replace(/&quot;/g, '&amp;quot;')
}

function TrimString(InString){
        var x = 0;

        if (InString.length != 0) {
                while ((InString.charAt(InString.length - 1) == '\u0020') || (InString.charAt(InString.length - 1) == '\u000A') || (InString.charAt(InString.length - 1) == '\u000D')){
                        InString = InString.substring(0, InString.length - 1)
                }

                while ((InString.charAt(0) == '\u0020') || (InString.charAt(0) == '\u000A') || (InString.charAt(0) == '\u000D')){
                        InString = InString.substring(1, InString.length)
                }

                while (InString.indexOf('  ') != -1) {
                        x = InString.indexOf('  ')
                        InString = InString.substring(0, x) + InString.substring(x+1, InString.length)
                 }

                return InString;
        }

        else {
                return '';
        }
}

function FindLongest(InArray){
	if (InArray.length &lt; 1){return -1;}

	var Longest = 0;
	for (var i=1; i&lt;InArray.length; i++){
		if (InArray[i].length &gt; InArray[Longest].length){
			Longest = i;
		}
	}
	return Longest;
}

//UNICODE CHARACTER FUNCTIONS
function IsCombiningDiacritic(CharNum){
	var Result = (((CharNum &gt;= 0x0300)&amp;&amp;(CharNum &lt;= 0x370))||((CharNum &gt;= 0x20d0)&amp;&amp;(CharNum &lt;= 0x20ff)));
	Result = Result || (((CharNum &gt;= 0x3099)&amp;&amp;(CharNum &lt;= 0x309a))||((CharNum &gt;= 0xfe20)&amp;&amp;(CharNum &lt;= 0xfe23)));
	return Result;
}

function IsCJK(CharNum){
	return ((CharNum &gt;= 0x3000)&amp;&amp;(CharNum &lt; 0xd800));
}

//SETUP FUNCTIONS
//BROWSER WILL REFILL TEXT BOXES FROM CACHE IF NOT PREVENTED
function ClearTextBoxes(){
	var NList = document.getElementsByTagName('input');
	for (var i=0; i&lt;NList.length; i++){
		if ((NList[i].id.indexOf('Guess') &gt; -1)||(NList[i].id.indexOf('Gap') &gt; -1)){
			NList[i].value = '';
		}
		if (NList[i].id.indexOf('Chk') &gt; -1){
			NList[i].checked = '';
		}
	}
}

//EXTENSION TO ARRAY OBJECT
function Array_IndexOf(Input){
	var Result = -1;
	for (var i=0; i&lt;this.length; i++){
		if (this[i] == Input){
			Result = i;
		}
	}
	return Result;
}
Array.prototype.indexOf = Array_IndexOf;

//IE HAS RENDERING BUG WITH BOTTOM NAVBAR
function RemoveBottomNavBarForIE(){
	if ((C.ie)&amp;&amp;(document.getElementById('Reading') != null)){
		if (document.getElementById('BottomNavBar') != null){
			document.getElementById('TheBody').removeChild(document.getElementById('BottomNavBar'));
		}
	}
}




//HOTPOTNET-RELATED CODE

var HPNStartTime = (new Date()).getTime();
var SubmissionTimeout = 30000;
var Detail = ''; //Global that is used to submit tracking data

function Finish(){
//If there's a form, fill it out and submit it
	if (document.store != null){
		Frm = document.store;
		Frm.starttime.value = HPNStartTime;
		Frm.endtime.value = (new Date()).getTime();
		Frm.mark.value = Score;
		Frm.detail.value = Detail;
		Frm.submit();
	}
}




//JCROSS CORE JAVASCRIPT CODE

var InGap = false;
var CurrentBox = null;
var Feedback = '';
var AcrossCaption = '';
var DownCaption = '';
var Correct = 'Correcto';
var Incorrect = 'Some of your answers are incorrect. Incorrect squares have been blanked out.'; 
var GiveHint = 'A correct letter has been added.';
var YourScoreIs = 'Su puntaje es';
var BuiltGrid = '';
var BuiltExercise = '';
var Penalties = 0;
var Score = 0;
var InTextBox = false;
var Locked = false;
var TimeOver = false;
var CaseSensitive = false; 

var InputStuff = '&lt;form method=&quot;post&quot; action=&quot;&quot; onsubmit=&quot;return false;&quot;&gt;&lt;span class=&quot;ClueNum&quot;&gt;[strClueNum]: &lt;/span&gt;';
InputStuff += '[strClue] &lt;input onfocus=&quot;CurrentBox=this;InTextBox=true;&quot; onblur=&quot;InTextBox=false;&quot; id=&quot;[strBoxId]&quot; type=&quot;edit&quot; size=&quot;[strEditSize]&quot; maxlength=&quot;[strMaxLength]&quot;&gt;&lt;/input&gt;';
InputStuff += '&lt;button class=&quot;FuncButton&quot; onfocus=&quot;FuncBtnOver(this)&quot; onblur=&quot;FuncBtnOut(this)&quot; onmouseover=&quot;FuncBtnOver(this)&quot; onmouseout=&quot;FuncBtnOut(this)&quot; onmousedown=&quot;FuncBtnDown(this)&quot; onmouseup=&quot;FuncBtnOut(this)&quot; onclick=&quot;EnterGuess([strParams])&quot;&gt;Entrar&lt;/button&gt;';
InputStuff += '';
InputStuff += '&lt;/form&gt;';

var CurrBoxElement = null;
var Finished = false;

function StartUp(){
	RemoveBottomNavBarForIE();
//Show a keypad if there is one	(added bugfix for 6.0.4.12)
	if (document.getElementById('CharacterKeypad') != null){
		document.getElementById('CharacterKeypad').style.display = 'block';
	}

	
	AcrossCaption = document.getElementById('CluesAcrossLabel').innerHTML;
	DownCaption = document.getElementById('CluesDownLabel').innerHTML;






}

function GetAnswerLength(Across,x,y){
	Result = 0;
	if (Across == false){
		while ((x&lt;L.length)&amp;&amp;(L[x][y].length &gt; 0)){
			Result += L[x][y].length;
			x++;
		} 
		return Result;
	}
	else{
		while ((y&lt;L[x].length)&amp;&amp;(L[x][y].length &gt; 0)){
			Result += L[x][y].length;
			y++;
		} 	
		return Result;
	}
}

function GetEditSize(Across,x,y){
	var Len = GetAnswerLength(Across,x,y);
	if (IsCJK(L[x][y].charCodeAt(0))){
		Len *= 2;
	}
	return Len;
}

function ShowClue(ClueNum,x,y){
	var Result = '';
	var Temp;
	var strParams;
	var Clue = document.getElementById('Clue_A_' + ClueNum);
	if (Clue != null){
		Temp = InputStuff.replace(/\[ClueNum\]/g, ClueNum);
		Temp = Temp.replace(/\[strClueNum\]/g, AcrossCaption + ' ' + ClueNum);
		strParams = 'true,' + ClueNum + ',' + x + ',' + y + ',\'[strBoxId]\'';
		Temp = Temp.replace(/\[strParams\]/g, strParams);
		Temp = Temp.replace(/\[strBoxId\]/g, 'GA_' + ClueNum + '_' + x + '_' + y);
		Temp = Temp.replace(/\[strEditSize\]/g, GetEditSize(true,x,y));
		Temp = Temp.replace(/\[strMaxLength\]/g, GetAnswerLength(true,x,y));
		Temp = Temp.replace(/\[strClue\]/g, Clue.innerHTML, Temp);
		Result += Temp;
	}
	Clue = document.getElementById('Clue_D_' + ClueNum);
	if (Clue != null){
		Temp = InputStuff.replace(/\[ClueNum\]/g, ClueNum);
		Temp = Temp.replace(/\[strClueNum\]/g, DownCaption + ' ' + ClueNum);
		strParams = 'false,' + ClueNum + ',' + x + ',' + y + ',\'[strBoxId]\'';
		Temp = Temp.replace(/\[strParams\]/g, strParams);
		Temp = Temp.replace(/\[strBoxId\]/g, 'GD_' + ClueNum + '_' + x + '_' + y);
		Temp = Temp.replace(/\[strEditSize\]/g, GetAnswerLength(false,x,y));
		Temp = Temp.replace(/\[strClue\]/g, Clue.innerHTML, Temp);
		Result += Temp;
	}
	document.getElementById('ClueEntry').innerHTML = Result;
}

function EnterGuess(Across,ClueNum,x,y,BoxId){
	if (document.getElementById(BoxId) != null){
		var Guess = document.getElementById(BoxId).value;
		var AnsLength = GetAnswerLength(Across,x,y);
		EnterAnswer(Guess,Across,AnsLength,x,y);
	}
}

function SplitStringToPerceivedChars(InString, PC){
	var Temp = InString.charAt(0);
	if (InString.length &gt; 1){
		for (var i=1; i&lt;InString.length; i++){
			if (IsCombiningDiacritic(InString.charCodeAt(i)) == true){
				Temp += InString.charAt(i);
			}
			else{
				PC.push(Temp);
				Temp = InString.charAt(i);
			}
		}
	}
	PC.push(Temp);
}

function EnterAnswer(Guess,Across,AnsLength,x,y){
	var PC = new Array();
	SplitStringToPerceivedChars(Guess, PC);
	
	var i=x;
	var j=y;
	var Letter = 0;
	while (Letter &lt; AnsLength){
		if (Letter &lt; PC.length){
			G[i][j] = PC[Letter];
			if (document.getElementById('L_' + i + '_' + j) != null){
				document.getElementById('L_' + i + '_' + j).innerHTML = PC[Letter];
			}
		}
		if (Across == true){
			j++;
		}
		else{
			i++;
		}
		Letter++;
	}
}

function SetGridSquareValue(x,y,Val){
	var GridId = 'L_' + x + '_' + y;
	if (document.getElementById(GridId) != null){
		document.getElementById(GridId).innerHTML = Val;
	}
}

function ShowHint(Across,ClueNum,x,y,BoxId){
	var i=x;
	var j=y;
	var LetterFromGuess = '';
	var LetterFromKey = '';
	var OutString = '';
	if (Across==true){
		while (j&lt;L[i].length){
			if (L[i][j] != ''){
				OutString += L[i][j];
				if (CaseSensitive == true){
					LetterFromKey = L[i][j];
					LetterFromGuess = G[i][j];
				}
				else {
					LetterFromKey = L[i][j].toUpperCase();
					LetterFromGuess = G[i][j].toUpperCase();
				}
				if (LetterFromGuess != LetterFromKey){
//				if (G[i][j] != L[i][j]){
					G[i][j] = L[i][j];
					Penalties++;
					break;
				}
			}
			else{
				break;
			}
		j++;
		}
	}
	else{
		while (i&lt;L.length){
			if (L[i][j] != ''){
				OutString += L[i][j];
				if (CaseSensitive == true){
					LetterFromKey = L[i][j];
					LetterFromGuess = G[i][j];
				}
				else {
					LetterFromKey = L[i][j].toUpperCase();
					LetterFromGuess = G[i][j].toUpperCase();
				}
				if (LetterFromGuess != LetterFromKey){
//				if (G[i][j] != L[i][j]){
					G[i][j] = L[i][j];
					Penalties++;
					break;
				}
			}
			else{
				break;
			}
		i++;
		}
	}
	if (document.getElementById(BoxId) != null){
		document.getElementById(BoxId).value = OutString;
	}
}

L = new Array();
L[0] = new Array('','','','Z','','','','','','','B','','','','','','','','','');
L[1] = new Array('','V','','E','C','H','O','','','','A','','','','','','','','','');
L[2] = new Array('','E','','N','','','','','','','J','','','','','','','','P','');
L[3] = new Array('P','R','E','D','E','F','I','N','I','D','A','S','','L','E','R','D','O','R','F');
L[4] = new Array('','S','','','X','','','','','','','','','','','','','','I','');
L[5] = new Array('','A','','O','P','E','R','A','D','O','R','E','S','','','','','','N','');
L[6] = new Array('','T','','','R','','','','','','','','','','','','G','E','T','');
L[7] = new Array('','I','','R','E','F','E','R','E','N','C','I','A','','','','U','','','');
L[8] = new Array('','L','','','S','','','','','','','','R','','','','T','','','');
L[9] = new Array('','I','','','I','','','','','','','','G','','','','M','','','');
L[10] = new Array('','D','','','O','','','','','C','O','M','U','N','I','D','A','D','','');
L[11] = new Array('','A','','','N','','','','','','','','M','','','','N','','','');
L[12] = new Array('','D','','','E','','','','','O','','','E','','','','S','','','');
L[13] = new Array('','','','','S','','F','U','N','C','I','O','N','E','S','','','','','');
L[14] = new Array('','','','','','','','','','H','','','T','','','','','','','');
L[15] = new Array('','','','','','','A','B','I','E','R','T','O','','','','','','','');
L[16] = new Array('','','','','','','','','','N','','','S','','','','','','','');
L[17] = new Array('','','','','','','','','','T','','','','','','','','','','');
L[18] = new Array('','','','','','','','','X','A','M','P','P','','','','','','','');


CL = new Array();
CL[0] = new Array(0,0,0,1,0,0,0,0,0,0,2,0,0,0,0,0,0,0,0,0);
CL[1] = new Array(0,3,0,4,0,0,0,0,0,0,0,0,0,0,0,0,0,0,0,0);
CL[2] = new Array(0,0,0,0,0,0,0,0,0,0,0,0,0,0,0,0,0,0,5,0);
CL[3] = new Array(6,0,0,0,7,0,0,0,0,0,0,0,0,8,0,0,0,0,0,0);
CL[4] = new Array(0,0,0,0,0,0,0,0,0,0,0,0,0,0,0,0,0,0,0,0);
CL[5] = new Array(0,0,0,9,0,0,0,0,0,0,0,0,0,0,0,0,0,0,0,0);
CL[6] = new Array(0,0,0,0,0,0,0,0,0,0,0,0,0,0,0,0,10,0,0,0);
CL[7] = new Array(0,0,0,11,0,0,0,0,0,0,0,0,12,0,0,0,0,0,0,0);
CL[8] = new Array(0,0,0,0,0,0,0,0,0,0,0,0,0,0,0,0,0,0,0,0);
CL[9] = new Array(0,0,0,0,0,0,0,0,0,0,0,0,0,0,0,0,0,0,0,0);
CL[10] = new Array(0,0,0,0,0,0,0,0,0,13,0,0,0,0,0,0,0,0,0,0);
CL[11] = new Array(0,0,0,0,0,0,0,0,0,0,0,0,0,0,0,0,0,0,0,0);
CL[12] = new Array(0,0,0,0,0,0,0,0,0,14,0,0,0,0,0,0,0,0,0,0);
CL[13] = new Array(0,0,0,0,0,0,15,0,0,0,0,0,0,0,0,0,0,0,0,0);
CL[14] = new Array(0,0,0,0,0,0,0,0,0,0,0,0,0,0,0,0,0,0,0,0);
CL[15] = new Array(0,0,0,0,0,0,16,0,0,0,0,0,0,0,0,0,0,0,0,0);
CL[16] = new Array(0,0,0,0,0,0,0,0,0,0,0,0,0,0,0,0,0,0,0,0);
CL[17] = new Array(0,0,0,0,0,0,0,0,0,0,0,0,0,0,0,0,0,0,0,0);
CL[18] = new Array(0,0,0,0,0,0,0,0,17,0,0,0,0,0,0,0,0,0,0,0);


G = new Array();
G[0] = new Array('','','','','','','','','','','','','','','','','','','','');
G[1] = new Array('','','','','','','','','','','','','','','','','','','','');
G[2] = new Array('','','','','','','','','','','','','','','','','','','','');
G[3] = new Array('','','','','','','','','','','','','','','','','','','','');
G[4] = new Array('','','','','','','','','','','','','','','','','','','','');
G[5] = new Array('','','','','','','','','','','','','','','','','','','','');
G[6] = new Array('','','','','','','','','','','','','','','','','','','','');
G[7] = new Array('','','','','','','','','','','','','','','','','','','','');
G[8] = new Array('','','','','','','','','','','','','','','','','','','','');
G[9] = new Array('','','','','','','','','','','','','','','','','','','','');
G[10] = new Array('','','','','','','','','','','','','','','','','','','','');
G[11] = new Array('','','','','','','','','','','','','','','','','','','','');
G[12] = new Array('','','','','','','','','','','','','','','','','','','','');
G[13] = new Array('','','','','','','','','','','','','','','','','','','','');
G[14] = new Array('','','','','','','','','','','','','','','','','','','','');
G[15] = new Array('','','','','','','','','','','','','','','','','','','','');
G[16] = new Array('','','','','','','','','','','','','','','','','','','','');
G[17] = new Array('','','','','','','','','','','','','','','','','','','','');
G[18] = new Array('','','','','','','','','','','','','','','','','','','','');


function CheckAnswers(){
	if (Locked == true){return;}

	var AllCorrect = true;
	var TotLetters = 0;
	var CorrectLetters = 0;
	var LetterFromKey = ''; 
	var LetterFromGuess = '';
	
//Check each letter
	for (var i=0; i&lt;L.length; i++){
		for (var j=0; j&lt;L[i].length; j++){
			if (L[i][j] != ''){
				TotLetters++;
				if (CaseSensitive == true) {
					LetterFromKey = L[i][j];
					LetterFromGuess = G[i][j];
				}
				else {
					LetterFromKey = L[i][j].toUpperCase();
					LetterFromGuess = G[i][j].toUpperCase();
				}
				if (LetterFromGuess != LetterFromKey){ 
					G[i][j] = '';
//Blank that square in the grid
					SetGridSquareValue(i,j,'');
					AllCorrect = false;
				}
				else{
					CorrectLetters++;
				}
			}
		}
	}

	Score = Math.floor(((CorrectLetters-Penalties) * 100)/TotLetters);
	if (Score &lt; 0){Score = 0;}

//Compile the output
	var Output = '';

	if (AllCorrect == true){
		Output = Correct + '&lt;br /&gt;';
	}

	Output += YourScoreIs + ' ' + Score + '%.&lt;br /&gt;';
	if (AllCorrect == false){
		Output += Incorrect;
		Penalties++;
	}

	ShowMessage(Output);
	WriteToInstructions(Output);
	
	if ((AllCorrect == true)||(TimeOver == true)){


		TimeOver = true;
		Locked = true;
		Finished = true;
		setTimeout('Finish()', SubmissionTimeout);
	}

}

function Finish(){
//If there's a form, fill it out and submit it
	if (document.store != null){
		Frm = document.store;
		Frm.starttime.value = HPNStartTime;
		Frm.endtime.value = (new Date()).getTime();
		Frm.mark.value = Score;
		Frm.submit();
	}
}

function TypeChars(Chars){
	if (CurrentBox != null){
		CurrentBox.value += Chars;
	}
}








//--&gt;
// ]]&gt;&lt;/script&gt;
&lt;!-- BeginTopNavButtons --&gt;
&lt;p&gt; &lt;/p&gt;
&lt;!-- EndTopNavButtons --&gt;
&lt;div class=&quot;Titles&quot;&gt;
&lt;h2 class=&quot;ExerciseTitle&quot;&gt;DESARROLLO WEB CON PHP&lt;/h2&gt;
&lt;/div&gt;
&lt;div id=&quot;InstructionsDiv&quot; class=&quot;StdDiv&quot;&gt;
&lt;div id=&quot;Instructions&quot;&gt;Complete el crucigrama y verifique sus respuestas dadas, para contestar, de clic en el número del crucigrama.&lt;/div&gt;
&lt;/div&gt;
&lt;div id=&quot;MainDiv&quot; class=&quot;StdDiv&quot;&gt;
&lt;div id=&quot;ClueEntry&quot;&gt;&lt;/div&gt;
&lt;!-- This top button is hidden; uncomment it to reveal it. --&gt; &lt;!--
&lt;button id=&quot;CheckButton1&quot; class=&quot;FuncButton&quot; onmouseover=&quot;FuncBtnOver(this)&quot; onfocus=&quot;FuncBtnOver(this)&quot; onmouseout=&quot;FuncBtnOut(this)&quot; onblur=&quot;FuncBtnOut(this)&quot; onmousedown=&quot;FuncBtnDown(this)&quot; onmouseup=&quot;FuncBtnOut(this)&quot; onclick=&quot;CheckAnswers()&quot;&gt;&amp;nbsp;Verificar&amp;nbsp;&lt;/button&gt;

 --&gt;
&lt;table class=&quot;CrosswordGrid&quot;&gt;
&lt;tbody&gt;
&lt;tr id=&quot;Row_0&quot;&gt;
&lt;td class=&quot;BlankCell&quot;&gt; &lt;/td&gt;
&lt;td class=&quot;BlankCell&quot;&gt; &lt;/td&gt;
&lt;td class=&quot;BlankCell&quot;&gt; &lt;/td&gt;
&lt;td class=&quot;NumLetterCell&quot;&gt;&lt;a href=&quot;javascript:void(0);&quot; class=&quot;GridNum&quot; onclick=&quot;ShowClue(1,0,3)&quot;&gt;1&lt;/a&gt;&lt;span class=&quot;NumLetterCellText&quot; id=&quot;L_0_3&quot; onclick=&quot;ShowClue(1,0,3)&quot;&gt;   &lt;/span&gt;&lt;/td&gt;
&lt;td class=&quot;BlankCell&quot;&gt; &lt;/td&gt;
&lt;td class=&quot;BlankCell&quot;&gt; &lt;/td&gt;
&lt;td class=&quot;BlankCell&quot;&gt; &lt;/td&gt;
&lt;td class=&quot;BlankCell&quot;&gt; &lt;/td&gt;
&lt;td class=&quot;BlankCell&quot;&gt; &lt;/td&gt;
&lt;td class=&quot;BlankCell&quot;&gt; &lt;/td&gt;
&lt;td class=&quot;NumLetterCell&quot;&gt;&lt;a href=&quot;javascript:void(0);&quot; class=&quot;GridNum&quot; onclick=&quot;ShowClue(2,0,10)&quot;&gt;2&lt;/a&gt;&lt;span class=&quot;NumLetterCellText&quot; id=&quot;L_0_10&quot; onclick=&quot;ShowClue(2,0,10)&quot;&gt;   &lt;/span&gt;&lt;/td&gt;
&lt;td class=&quot;BlankCell&quot;&gt; &lt;/td&gt;
&lt;td class=&quot;BlankCell&quot;&gt; &lt;/td&gt;
&lt;td class=&quot;BlankCell&quot;&gt; &lt;/td&gt;
&lt;td class=&quot;BlankCell&quot;&gt; &lt;/td&gt;
&lt;td class=&quot;BlankCell&quot;&gt; &lt;/td&gt;
&lt;td class=&quot;BlankCell&quot;&gt; &lt;/td&gt;
&lt;td class=&quot;BlankCell&quot;&gt; &lt;/td&gt;
&lt;td class=&quot;BlankCell&quot;&gt; &lt;/td&gt;
&lt;td class=&quot;BlankCell&quot;&gt; &lt;/td&gt;
&lt;/tr&gt;
&lt;tr id=&quot;Row_1&quot;&gt;
&lt;td class=&quot;BlankCell&quot;&gt; &lt;/td&gt;
&lt;td class=&quot;NumLetterCell&quot;&gt;&lt;a href=&quot;javascript:void(0);&quot; class=&quot;GridNum&quot; onclick=&quot;ShowClue(3,1,1)&quot;&gt;3&lt;/a&gt;&lt;span class=&quot;NumLetterCellText&quot; id=&quot;L_1_1&quot; onclick=&quot;ShowClue(3,1,1)&quot;&gt;   &lt;/span&gt;&lt;/td&gt;
&lt;td class=&quot;BlankCell&quot;&gt; &lt;/td&gt;
&lt;td class=&quot;NumLetterCell&quot;&gt;&lt;a href=&quot;javascript:void(0);&quot; class=&quot;GridNum&quot; onclick=&quot;ShowClue(4,1,3)&quot;&gt;4&lt;/a&gt;&lt;span class=&quot;NumLetterCellText&quot; id=&quot;L_1_3&quot; onclick=&quot;ShowClue(4,1,3)&quot;&gt;   &lt;/span&gt;&lt;/td&gt;
&lt;td class=&quot;LetterOnlyCell&quot;&gt;&lt;span id=&quot;L_1_4&quot;&gt; &lt;/span&gt;&lt;/td&gt;
&lt;td class=&quot;LetterOnlyCell&quot;&gt;&lt;span id=&quot;L_1_5&quot;&gt; &lt;/span&gt;&lt;/td&gt;
&lt;td class=&quot;LetterOnlyCell&quot;&gt;&lt;span id=&quot;L_1_6&quot;&gt; &lt;/span&gt;&lt;/td&gt;
&lt;td class=&quot;BlankCell&quot;&gt; &lt;/td&gt;
&lt;td class=&quot;BlankCell&quot;&gt; &lt;/td&gt;
&lt;td class=&quot;BlankCell&quot;&gt; &lt;/td&gt;
&lt;td class=&quot;LetterOnlyCell&quot;&gt;&lt;span id=&quot;L_1_10&quot;&gt; &lt;/span&gt;&lt;/td&gt;
&lt;td class=&quot;BlankCell&quot;&gt; &lt;/td&gt;
&lt;td class=&quot;BlankCell&quot;&gt; &lt;/td&gt;
&lt;td class=&quot;BlankCell&quot;&gt; &lt;/td&gt;
&lt;td class=&quot;BlankCell&quot;&gt; &lt;/td&gt;
&lt;td class=&quot;BlankCell&quot;&gt; &lt;/td&gt;
&lt;td class=&quot;BlankCell&quot;&gt; &lt;/td&gt;
&lt;td class=&quot;BlankCell&quot;&gt; &lt;/td&gt;
&lt;td class=&quot;BlankCell&quot;&gt; &lt;/td&gt;
&lt;td class=&quot;BlankCell&quot;&gt; &lt;/td&gt;
&lt;/tr&gt;
&lt;tr id=&quot;Row_2&quot;&gt;
&lt;td class=&quot;BlankCell&quot;&gt; &lt;/td&gt;
&lt;td class=&quot;LetterOnlyCell&quot;&gt;&lt;span id=&quot;L_2_1&quot;&gt; &lt;/span&gt;&lt;/td&gt;
&lt;td class=&quot;BlankCell&quot;&gt; &lt;/td&gt;
&lt;td class=&quot;LetterOnlyCell&quot;&gt;&lt;span id=&quot;L_2_3&quot;&gt; &lt;/span&gt;&lt;/td&gt;
&lt;td class=&quot;BlankCell&quot;&gt; &lt;/td&gt;
&lt;td class=&quot;BlankCell&quot;&gt; &lt;/td&gt;
&lt;td class=&quot;BlankCell&quot;&gt; &lt;/td&gt;
&lt;td class=&quot;BlankCell&quot;&gt; &lt;/td&gt;
&lt;td class=&quot;BlankCell&quot;&gt; &lt;/td&gt;
&lt;td class=&quot;BlankCell&quot;&gt; &lt;/td&gt;
&lt;td class=&quot;LetterOnlyCell&quot;&gt;&lt;span id=&quot;L_2_10&quot;&gt; &lt;/span&gt;&lt;/td&gt;
&lt;td class=&quot;BlankCell&quot;&gt; &lt;/td&gt;
&lt;td class=&quot;BlankCell&quot;&gt; &lt;/td&gt;
&lt;td class=&quot;BlankCell&quot;&gt; &lt;/td&gt;
&lt;td class=&quot;BlankCell&quot;&gt; &lt;/td&gt;
&lt;td class=&quot;BlankCell&quot;&gt; &lt;/td&gt;
&lt;td class=&quot;BlankCell&quot;&gt; &lt;/td&gt;
&lt;td class=&quot;BlankCell&quot;&gt; &lt;/td&gt;
&lt;td class=&quot;NumLetterCell&quot;&gt;&lt;a href=&quot;javascript:void(0);&quot; class=&quot;GridNum&quot; onclick=&quot;ShowClue(5,2,18)&quot;&gt;5&lt;/a&gt;&lt;span class=&quot;NumLetterCellText&quot; id=&quot;L_2_18&quot; onclick=&quot;ShowClue(5,2,18)&quot;&gt;   &lt;/span&gt;&lt;/td&gt;
&lt;td class=&quot;BlankCell&quot;&gt; &lt;/td&gt;
&lt;/tr&gt;
&lt;tr id=&quot;Row_3&quot;&gt;
&lt;td class=&quot;NumLetterCell&quot;&gt;&lt;a href=&quot;javascript:void(0);&quot; class=&quot;GridNum&quot; onclick=&quot;ShowClue(6,3,0)&quot;&gt;6&lt;/a&gt;&lt;span class=&quot;NumLetterCellText&quot; id=&quot;L_3_0&quot; onclick=&quot;ShowClue(6,3,0)&quot;&gt;   &lt;/span&gt;&lt;/td&gt;
&lt;td class=&quot;LetterOnlyCell&quot;&gt;&lt;span id=&quot;L_3_1&quot;&gt; &lt;/span&gt;&lt;/td&gt;
&lt;td class=&quot;LetterOnlyCell&quot;&gt;&lt;span id=&quot;L_3_2&quot;&gt; &lt;/span&gt;&lt;/td&gt;
&lt;td class=&quot;LetterOnlyCell&quot;&gt;&lt;span id=&quot;L_3_3&quot;&gt; &lt;/span&gt;&lt;/td&gt;
&lt;td class=&quot;NumLetterCell&quot;&gt;&lt;a href=&quot;javascript:void(0);&quot; class=&quot;GridNum&quot; onclick=&quot;ShowClue(7,3,4)&quot;&gt;7&lt;/a&gt;&lt;span class=&quot;NumLetterCellText&quot; id=&quot;L_3_4&quot; onclick=&quot;ShowClue(7,3,4)&quot;&gt;   &lt;/span&gt;&lt;/td&gt;
&lt;td class=&quot;LetterOnlyCell&quot;&gt;&lt;span id=&quot;L_3_5&quot;&gt; &lt;/span&gt;&lt;/td&gt;
&lt;td class=&quot;LetterOnlyCell&quot;&gt;&lt;span id=&quot;L_3_6&quot;&gt; &lt;/span&gt;&lt;/td&gt;
&lt;td class=&quot;LetterOnlyCell&quot;&gt;&lt;span id=&quot;L_3_7&quot;&gt; &lt;/span&gt;&lt;/td&gt;
&lt;td class=&quot;LetterOnlyCell&quot;&gt;&lt;span id=&quot;L_3_8&quot;&gt; &lt;/span&gt;&lt;/td&gt;
&lt;td class=&quot;LetterOnlyCell&quot;&gt;&lt;span id=&quot;L_3_9&quot;&gt; &lt;/span&gt;&lt;/td&gt;
&lt;td class=&quot;LetterOnlyCell&quot;&gt;&lt;span id=&quot;L_3_10&quot;&gt; &lt;/span&gt;&lt;/td&gt;
&lt;td class=&quot;LetterOnlyCell&quot;&gt;&lt;span id=&quot;L_3_11&quot;&gt; &lt;/span&gt;&lt;/td&gt;
&lt;td class=&quot;BlankCell&quot;&gt; &lt;/td&gt;
&lt;td class=&quot;NumLetterCell&quot;&gt;&lt;a href=&quot;javascript:void(0);&quot; class=&quot;GridNum&quot; onclick=&quot;ShowClue(8,3,13)&quot;&gt;8&lt;/a&gt;&lt;span class=&quot;NumLetterCellText&quot; id=&quot;L_3_13&quot; onclick=&quot;ShowClue(8,3,13)&quot;&gt;   &lt;/span&gt;&lt;/td&gt;
&lt;td class=&quot;LetterOnlyCell&quot;&gt;&lt;span id=&quot;L_3_14&quot;&gt; &lt;/span&gt;&lt;/td&gt;
&lt;td class=&quot;LetterOnlyCell&quot;&gt;&lt;span id=&quot;L_3_15&quot;&gt; &lt;/span&gt;&lt;/td&gt;
&lt;td class=&quot;LetterOnlyCell&quot;&gt;&lt;span id=&quot;L_3_16&quot;&gt; &lt;/span&gt;&lt;/td&gt;
&lt;td class=&quot;LetterOnlyCell&quot;&gt;&lt;span id=&quot;L_3_17&quot;&gt; &lt;/span&gt;&lt;/td&gt;
&lt;td class=&quot;LetterOnlyCell&quot;&gt;&lt;span id=&quot;L_3_18&quot;&gt; &lt;/span&gt;&lt;/td&gt;
&lt;td class=&quot;LetterOnlyCell&quot;&gt;&lt;span id=&quot;L_3_19&quot;&gt; &lt;/span&gt;&lt;/td&gt;
&lt;/tr&gt;
&lt;tr id=&quot;Row_4&quot;&gt;
&lt;td class=&quot;BlankCell&quot;&gt; &lt;/td&gt;
&lt;td class=&quot;LetterOnlyCell&quot;&gt;&lt;span id=&quot;L_4_1&quot;&gt; &lt;/span&gt;&lt;/td&gt;
&lt;td class=&quot;BlankCell&quot;&gt; &lt;/td&gt;
&lt;td class=&quot;BlankCell&quot;&gt; &lt;/td&gt;
&lt;td class=&quot;LetterOnlyCell&quot;&gt;&lt;span id=&quot;L_4_4&quot;&gt; &lt;/span&gt;&lt;/td&gt;
&lt;td class=&quot;BlankCell&quot;&gt; &lt;/td&gt;
&lt;td class=&quot;BlankCell&quot;&gt; &lt;/td&gt;
&lt;td class=&quot;BlankCell&quot;&gt; &lt;/td&gt;
&lt;td class=&quot;BlankCell&quot;&gt; &lt;/td&gt;
&lt;td class=&quot;BlankCell&quot;&gt; &lt;/td&gt;
&lt;td class=&quot;BlankCell&quot;&gt; &lt;/td&gt;
&lt;td class=&quot;BlankCell&quot;&gt; &lt;/td&gt;
&lt;td class=&quot;BlankCell&quot;&gt; &lt;/td&gt;
&lt;td class=&quot;BlankCell&quot;&gt; &lt;/td&gt;
&lt;td class=&quot;BlankCell&quot;&gt; &lt;/td&gt;
&lt;td class=&quot;BlankCell&quot;&gt; &lt;/td&gt;
&lt;td class=&quot;BlankCell&quot;&gt; &lt;/td&gt;
&lt;td class=&quot;BlankCell&quot;&gt; &lt;/td&gt;
&lt;td class=&quot;LetterOnlyCell&quot;&gt;&lt;span id=&quot;L_4_18&quot;&gt; &lt;/span&gt;&lt;/td&gt;
&lt;td class=&quot;BlankCell&quot;&gt; &lt;/td&gt;
&lt;/tr&gt;
&lt;tr id=&quot;Row_5&quot;&gt;
&lt;td class=&quot;BlankCell&quot;&gt; &lt;/td&gt;
&lt;td class=&quot;LetterOnlyCell&quot;&gt;&lt;span id=&quot;L_5_1&quot;&gt; &lt;/span&gt;&lt;/td&gt;
&lt;td class=&quot;BlankCell&quot;&gt; &lt;/td&gt;
&lt;td class=&quot;NumLetterCell&quot;&gt;&lt;a href=&quot;javascript:void(0);&quot; class=&quot;GridNum&quot; onclick=&quot;ShowClue(9,5,3)&quot;&gt;9&lt;/a&gt;&lt;span class=&quot;NumLetterCellText&quot; id=&quot;L_5_3&quot; onclick=&quot;ShowClue(9,5,3)&quot;&gt;   &lt;/span&gt;&lt;/td&gt;
&lt;td class=&quot;LetterOnlyCell&quot;&gt;&lt;span id=&quot;L_5_4&quot;&gt; &lt;/span&gt;&lt;/td&gt;
&lt;td class=&quot;LetterOnlyCell&quot;&gt;&lt;span id=&quot;L_5_5&quot;&gt; &lt;/span&gt;&lt;/td&gt;
&lt;td class=&quot;LetterOnlyCell&quot;&gt;&lt;span id=&quot;L_5_6&quot;&gt; &lt;/span&gt;&lt;/td&gt;
&lt;td class=&quot;LetterOnlyCell&quot;&gt;&lt;span id=&quot;L_5_7&quot;&gt; &lt;/span&gt;&lt;/td&gt;
&lt;td class=&quot;LetterOnlyCell&quot;&gt;&lt;span id=&quot;L_5_8&quot;&gt; &lt;/span&gt;&lt;/td&gt;
&lt;td class=&quot;LetterOnlyCell&quot;&gt;&lt;span id=&quot;L_5_9&quot;&gt; &lt;/span&gt;&lt;/td&gt;
&lt;td class=&quot;LetterOnlyCell&quot;&gt;&lt;span id=&quot;L_5_10&quot;&gt; &lt;/span&gt;&lt;/td&gt;
&lt;td class=&quot;LetterOnlyCell&quot;&gt;&lt;span id=&quot;L_5_11&quot;&gt; &lt;/span&gt;&lt;/td&gt;
&lt;td class=&quot;LetterOnlyCell&quot;&gt;&lt;span id=&quot;L_5_12&quot;&gt; &lt;/span&gt;&lt;/td&gt;
&lt;td class=&quot;BlankCell&quot;&gt; &lt;/td&gt;
&lt;td class=&quot;BlankCell&quot;&gt; &lt;/td&gt;
&lt;td class=&quot;BlankCell&quot;&gt; &lt;/td&gt;
&lt;td class=&quot;BlankCell&quot;&gt; &lt;/td&gt;
&lt;td class=&quot;BlankCell&quot;&gt; &lt;/td&gt;
&lt;td class=&quot;LetterOnlyCell&quot;&gt;&lt;span id=&quot;L_5_18&quot;&gt; &lt;/span&gt;&lt;/td&gt;
&lt;td class=&quot;BlankCell&quot;&gt; &lt;/td&gt;
&lt;/tr&gt;
&lt;tr id=&quot;Row_6&quot;&gt;
&lt;td class=&quot;BlankCell&quot;&gt; &lt;/td&gt;
&lt;td class=&quot;LetterOnlyCell&quot;&gt;&lt;span id=&quot;L_6_1&quot;&gt; &lt;/span&gt;&lt;/td&gt;
&lt;td class=&quot;BlankCell&quot;&gt; &lt;/td&gt;
&lt;td class=&quot;BlankCell&quot;&gt; &lt;/td&gt;
&lt;td class=&quot;LetterOnlyCell&quot;&gt;&lt;span id=&quot;L_6_4&quot;&gt; &lt;/span&gt;&lt;/td&gt;
&lt;td class=&quot;BlankCell&quot;&gt; &lt;/td&gt;
&lt;td class=&quot;BlankCell&quot;&gt; &lt;/td&gt;
&lt;td class=&quot;BlankCell&quot;&gt; &lt;/td&gt;
&lt;td class=&quot;BlankCell&quot;&gt; &lt;/td&gt;
&lt;td class=&quot;BlankCell&quot;&gt; &lt;/td&gt;
&lt;td class=&quot;BlankCell&quot;&gt; &lt;/td&gt;
&lt;td class=&quot;BlankCell&quot;&gt; &lt;/td&gt;
&lt;td class=&quot;BlankCell&quot;&gt; &lt;/td&gt;
&lt;td class=&quot;BlankCell&quot;&gt; &lt;/td&gt;
&lt;td class=&quot;BlankCell&quot;&gt; &lt;/td&gt;
&lt;td class=&quot;BlankCell&quot;&gt; &lt;/td&gt;
&lt;td class=&quot;NumLetterCell&quot;&gt;&lt;a href=&quot;javascript:void(0);&quot; class=&quot;GridNum&quot; onclick=&quot;ShowClue(10,6,16)&quot;&gt;10&lt;/a&gt;&lt;span class=&quot;NumLetterCellText&quot; id=&quot;L_6_16&quot; onclick=&quot;ShowClue(10,6,16)&quot;&gt;   &lt;/span&gt;&lt;/td&gt;
&lt;td class=&quot;LetterOnlyCell&quot;&gt;&lt;span id=&quot;L_6_17&quot;&gt; &lt;/span&gt;&lt;/td&gt;
&lt;td class=&quot;LetterOnlyCell&quot;&gt;&lt;span id=&quot;L_6_18&quot;&gt; &lt;/span&gt;&lt;/td&gt;
&lt;td class=&quot;BlankCell&quot;&gt; &lt;/td&gt;
&lt;/tr&gt;
&lt;tr id=&quot;Row_7&quot;&gt;
&lt;td class=&quot;BlankCell&quot;&gt; &lt;/td&gt;
&lt;td class=&quot;LetterOnlyCell&quot;&gt;&lt;span id=&quot;L_7_1&quot;&gt; &lt;/span&gt;&lt;/td&gt;
&lt;td class=&quot;BlankCell&quot;&gt; &lt;/td&gt;
&lt;td class=&quot;NumLetterCell&quot;&gt;&lt;a href=&quot;javascript:void(0);&quot; class=&quot;GridNum&quot; onclick=&quot;ShowClue(11,7,3)&quot;&gt;11&lt;/a&gt;&lt;span class=&quot;NumLetterCellText&quot; id=&quot;L_7_3&quot; onclick=&quot;ShowClue(11,7,3)&quot;&gt;   &lt;/span&gt;&lt;/td&gt;
&lt;td class=&quot;LetterOnlyCell&quot;&gt;&lt;span id=&quot;L_7_4&quot;&gt; &lt;/span&gt;&lt;/td&gt;
&lt;td class=&quot;LetterOnlyCell&quot;&gt;&lt;span id=&quot;L_7_5&quot;&gt; &lt;/span&gt;&lt;/td&gt;
&lt;td class=&quot;LetterOnlyCell&quot;&gt;&lt;span id=&quot;L_7_6&quot;&gt; &lt;/span&gt;&lt;/td&gt;
&lt;td class=&quot;LetterOnlyCell&quot;&gt;&lt;span id=&quot;L_7_7&quot;&gt; &lt;/span&gt;&lt;/td&gt;
&lt;td class=&quot;LetterOnlyCell&quot;&gt;&lt;span id=&quot;L_7_8&quot;&gt; &lt;/span&gt;&lt;/td&gt;
&lt;td class=&quot;LetterOnlyCell&quot;&gt;&lt;span id=&quot;L_7_9&quot;&gt; &lt;/span&gt;&lt;/td&gt;
&lt;td class=&quot;LetterOnlyCell&quot;&gt;&lt;span id=&quot;L_7_10&quot;&gt; &lt;/span&gt;&lt;/td&gt;
&lt;td class=&quot;LetterOnlyCell&quot;&gt;&lt;span id=&quot;L_7_11&quot;&gt; &lt;/span&gt;&lt;/td&gt;
&lt;td class=&quot;NumLetterCell&quot;&gt;&lt;a href=&quot;javascript:void(0);&quot; class=&quot;GridNum&quot; onclick=&quot;ShowClue(12,7,12)&quot;&gt;12&lt;/a&gt;&lt;span class=&quot;NumLetterCellText&quot; id=&quot;L_7_12&quot; onclick=&quot;ShowClue(12,7,12)&quot;&gt;   &lt;/span&gt;&lt;/td&gt;
&lt;td class=&quot;BlankCell&quot;&gt; &lt;/td&gt;
&lt;td class=&quot;BlankCell&quot;&gt; &lt;/td&gt;
&lt;td class=&quot;BlankCell&quot;&gt; &lt;/td&gt;
&lt;td class=&quot;LetterOnlyCell&quot;&gt;&lt;span id=&quot;L_7_16&quot;&gt; &lt;/span&gt;&lt;/td&gt;
&lt;td class=&quot;BlankCell&quot;&gt; &lt;/td&gt;
&lt;td class=&quot;BlankCell&quot;&gt; &lt;/td&gt;
&lt;td class=&quot;BlankCell&quot;&gt; &lt;/td&gt;
&lt;/tr&gt;
&lt;tr id=&quot;Row_8&quot;&gt;
&lt;td class=&quot;BlankCell&quot;&gt; &lt;/td&gt;
&lt;td class=&quot;LetterOnlyCell&quot;&gt;&lt;span id=&quot;L_8_1&quot;&gt; &lt;/span&gt;&lt;/td&gt;
&lt;td class=&quot;BlankCell&quot;&gt; &lt;/td&gt;
&lt;td class=&quot;BlankCell&quot;&gt; &lt;/td&gt;
&lt;td class=&quot;LetterOnlyCell&quot;&gt;&lt;span id=&quot;L_8_4&quot;&gt; &lt;/span&gt;&lt;/td&gt;
&lt;td class=&quot;BlankCell&quot;&gt; &lt;/td&gt;
&lt;td class=&quot;BlankCell&quot;&gt; &lt;/td&gt;
&lt;td class=&quot;BlankCell&quot;&gt; &lt;/td&gt;
&lt;td class=&quot;BlankCell&quot;&gt; &lt;/td&gt;
&lt;td class=&quot;BlankCell&quot;&gt; &lt;/td&gt;
&lt;td class=&quot;BlankCell&quot;&gt; &lt;/td&gt;
&lt;td class=&quot;BlankCell&quot;&gt; &lt;/td&gt;
&lt;td class=&quot;LetterOnlyCell&quot;&gt;&lt;span id=&quot;L_8_12&quot;&gt; &lt;/span&gt;&lt;/td&gt;
&lt;td class=&quot;BlankCell&quot;&gt; &lt;/td&gt;
&lt;td class=&quot;BlankCell&quot;&gt; &lt;/td&gt;
&lt;td class=&quot;BlankCell&quot;&gt; &lt;/td&gt;
&lt;td class=&quot;LetterOnlyCell&quot;&gt;&lt;span id=&quot;L_8_16&quot;&gt; &lt;/span&gt;&lt;/td&gt;
&lt;td class=&quot;BlankCell&quot;&gt; &lt;/td&gt;
&lt;td class=&quot;BlankCell&quot;&gt; &lt;/td&gt;
&lt;td class=&quot;BlankCell&quot;&gt; &lt;/td&gt;
&lt;/tr&gt;
&lt;tr id=&quot;Row_9&quot;&gt;
&lt;td class=&quot;BlankCell&quot;&gt; &lt;/td&gt;
&lt;td class=&quot;LetterOnlyCell&quot;&gt;&lt;span id=&quot;L_9_1&quot;&gt; &lt;/span&gt;&lt;/td&gt;
&lt;td class=&quot;BlankCell&quot;&gt; &lt;/td&gt;
&lt;td class=&quot;BlankCell&quot;&gt; &lt;/td&gt;
&lt;td class=&quot;LetterOnlyCell&quot;&gt;&lt;span id=&quot;L_9_4&quot;&gt; &lt;/span&gt;&lt;/td&gt;
&lt;td class=&quot;BlankCell&quot;&gt; &lt;/td&gt;
&lt;td class=&quot;BlankCell&quot;&gt; &lt;/td&gt;
&lt;td class=&quot;BlankCell&quot;&gt; &lt;/td&gt;
&lt;td class=&quot;BlankCell&quot;&gt; &lt;/td&gt;
&lt;td class=&quot;BlankCell&quot;&gt; &lt;/td&gt;
&lt;td class=&quot;BlankCell&quot;&gt; &lt;/td&gt;
&lt;td class=&quot;BlankCell&quot;&gt; &lt;/td&gt;
&lt;td class=&quot;LetterOnlyCell&quot;&gt;&lt;span id=&quot;L_9_12&quot;&gt; &lt;/span&gt;&lt;/td&gt;
&lt;td class=&quot;BlankCell&quot;&gt; &lt;/td&gt;
&lt;td class=&quot;BlankCell&quot;&gt; &lt;/td&gt;
&lt;td class=&quot;BlankCell&quot;&gt; &lt;/td&gt;
&lt;td class=&quot;LetterOnlyCell&quot;&gt;&lt;span id=&quot;L_9_16&quot;&gt; &lt;/span&gt;&lt;/td&gt;
&lt;td class=&quot;BlankCell&quot;&gt; &lt;/td&gt;
&lt;td class=&quot;BlankCell&quot;&gt; &lt;/td&gt;
&lt;td class=&quot;BlankCell&quot;&gt; &lt;/td&gt;
&lt;/tr&gt;
&lt;tr id=&quot;Row_10&quot;&gt;
&lt;td class=&quot;BlankCell&quot;&gt; &lt;/td&gt;
&lt;td class=&quot;LetterOnlyCell&quot;&gt;&lt;span id=&quot;L_10_1&quot;&gt; &lt;/span&gt;&lt;/td&gt;
&lt;td class=&quot;BlankCell&quot;&gt; &lt;/td&gt;
&lt;td class=&quot;BlankCell&quot;&gt; &lt;/td&gt;
&lt;td class=&quot;LetterOnlyCell&quot;&gt;&lt;span id=&quot;L_10_4&quot;&gt; &lt;/span&gt;&lt;/td&gt;
&lt;td class=&quot;BlankCell&quot;&gt; &lt;/td&gt;
&lt;td class=&quot;BlankCell&quot;&gt; &lt;/td&gt;
&lt;td class=&quot;BlankCell&quot;&gt; &lt;/td&gt;
&lt;td class=&quot;BlankCell&quot;&gt; &lt;/td&gt;
&lt;td class=&quot;NumLetterCell&quot;&gt;&lt;a href=&quot;javascript:void(0);&quot; class=&quot;GridNum&quot; onclick=&quot;ShowClue(13,10,9)&quot;&gt;13&lt;/a&gt;&lt;span class=&quot;NumLetterCellText&quot; id=&quot;L_10_9&quot; onclick=&quot;ShowClue(13,10,9)&quot;&gt;   &lt;/span&gt;&lt;/td&gt;
&lt;td class=&quot;LetterOnlyCell&quot;&gt;&lt;span id=&quot;L_10_10&quot;&gt; &lt;/span&gt;&lt;/td&gt;
&lt;td class=&quot;LetterOnlyCell&quot;&gt;&lt;span id=&quot;L_10_11&quot;&gt; &lt;/span&gt;&lt;/td&gt;
&lt;td class=&quot;LetterOnlyCell&quot;&gt;&lt;span id=&quot;L_10_12&quot;&gt; &lt;/span&gt;&lt;/td&gt;
&lt;td class=&quot;LetterOnlyCell&quot;&gt;&lt;span id=&quot;L_10_13&quot;&gt; &lt;/span&gt;&lt;/td&gt;
&lt;td class=&quot;LetterOnlyCell&quot;&gt;&lt;span id=&quot;L_10_14&quot;&gt; &lt;/span&gt;&lt;/td&gt;
&lt;td class=&quot;LetterOnlyCell&quot;&gt;&lt;span id=&quot;L_10_15&quot;&gt; &lt;/span&gt;&lt;/td&gt;
&lt;td class=&quot;LetterOnlyCell&quot;&gt;&lt;span id=&quot;L_10_16&quot;&gt; &lt;/span&gt;&lt;/td&gt;
&lt;td class=&quot;LetterOnlyCell&quot;&gt;&lt;span id=&quot;L_10_17&quot;&gt; &lt;/span&gt;&lt;/td&gt;
&lt;td class=&quot;BlankCell&quot;&gt; &lt;/td&gt;
&lt;td class=&quot;BlankCell&quot;&gt; &lt;/td&gt;
&lt;/tr&gt;
&lt;tr id=&quot;Row_11&quot;&gt;
&lt;td class=&quot;BlankCell&quot;&gt; &lt;/td&gt;
&lt;td class=&quot;LetterOnlyCell&quot;&gt;&lt;span id=&quot;L_11_1&quot;&gt; &lt;/span&gt;&lt;/td&gt;
&lt;td class=&quot;BlankCell&quot;&gt; &lt;/td&gt;
&lt;td class=&quot;BlankCell&quot;&gt; &lt;/td&gt;
&lt;td class=&quot;LetterOnlyCell&quot;&gt;&lt;span id=&quot;L_11_4&quot;&gt; &lt;/span&gt;&lt;/td&gt;
&lt;td class=&quot;BlankCell&quot;&gt; &lt;/td&gt;
&lt;td class=&quot;BlankCell&quot;&gt; &lt;/td&gt;
&lt;td class=&quot;BlankCell&quot;&gt; &lt;/td&gt;
&lt;td class=&quot;BlankCell&quot;&gt; &lt;/td&gt;
&lt;td class=&quot;BlankCell&quot;&gt; &lt;/td&gt;
&lt;td class=&quot;BlankCell&quot;&gt; &lt;/td&gt;
&lt;td class=&quot;BlankCell&quot;&gt; &lt;/td&gt;
&lt;td class=&quot;LetterOnlyCell&quot;&gt;&lt;span id=&quot;L_11_12&quot;&gt; &lt;/span&gt;&lt;/td&gt;
&lt;td class=&quot;BlankCell&quot;&gt; &lt;/td&gt;
&lt;td class=&quot;BlankCell&quot;&gt; &lt;/td&gt;
&lt;td class=&quot;BlankCell&quot;&gt; &lt;/td&gt;
&lt;td class=&quot;LetterOnlyCell&quot;&gt;&lt;span id=&quot;L_11_16&quot;&gt; &lt;/span&gt;&lt;/td&gt;
&lt;td class=&quot;BlankCell&quot;&gt; &lt;/td&gt;
&lt;td class=&quot;BlankCell&quot;&gt; &lt;/td&gt;
&lt;td class=&quot;BlankCell&quot;&gt; &lt;/td&gt;
&lt;/tr&gt;
&lt;tr id=&quot;Row_12&quot;&gt;
&lt;td class=&quot;BlankCell&quot;&gt; &lt;/td&gt;
&lt;td class=&quot;LetterOnlyCell&quot;&gt;&lt;span id=&quot;L_12_1&quot;&gt; &lt;/span&gt;&lt;/td&gt;
&lt;td class=&quot;BlankCell&quot;&gt; &lt;/td&gt;
&lt;td class=&quot;BlankCell&quot;&gt; &lt;/td&gt;
&lt;td class=&quot;LetterOnlyCell&quot;&gt;&lt;span id=&quot;L_12_4&quot;&gt; &lt;/span&gt;&lt;/td&gt;
&lt;td class=&quot;BlankCell&quot;&gt; &lt;/td&gt;
&lt;td class=&quot;BlankCell&quot;&gt; &lt;/td&gt;
&lt;td class=&quot;BlankCell&quot;&gt; &lt;/td&gt;
&lt;td class=&quot;BlankCell&quot;&gt; &lt;/td&gt;
&lt;td class=&quot;NumLetterCell&quot;&gt;&lt;a href=&quot;javascript:void(0);&quot; class=&quot;GridNum&quot; onclick=&quot;ShowClue(14,12,9)&quot;&gt;14&lt;/a&gt;&lt;span class=&quot;NumLetterCellText&quot; id=&quot;L_12_9&quot; onclick=&quot;ShowClue(14,12,9)&quot;&gt;   &lt;/span&gt;&lt;/td&gt;
&lt;td class=&quot;BlankCell&quot;&gt; &lt;/td&gt;
&lt;td class=&quot;BlankCell&quot;&gt; &lt;/td&gt;
&lt;td class=&quot;LetterOnlyCell&quot;&gt;&lt;span id=&quot;L_12_12&quot;&gt; &lt;/span&gt;&lt;/td&gt;
&lt;td class=&quot;BlankCell&quot;&gt; &lt;/td&gt;
&lt;td class=&quot;BlankCell&quot;&gt; &lt;/td&gt;
&lt;td class=&quot;BlankCell&quot;&gt; &lt;/td&gt;
&lt;td class=&quot;LetterOnlyCell&quot;&gt;&lt;span id=&quot;L_12_16&quot;&gt; &lt;/span&gt;&lt;/td&gt;
&lt;td class=&quot;BlankCell&quot;&gt; &lt;/td&gt;
&lt;td class=&quot;BlankCell&quot;&gt; &lt;/td&gt;
&lt;td class=&quot;BlankCell&quot;&gt; &lt;/td&gt;
&lt;/tr&gt;
&lt;tr id=&quot;Row_13&quot;&gt;
&lt;td class=&quot;BlankCell&quot;&gt; &lt;/td&gt;
&lt;td class=&quot;BlankCell&quot;&gt; &lt;/td&gt;
&lt;td class=&quot;BlankCell&quot;&gt; &lt;/td&gt;
&lt;td class=&quot;BlankCell&quot;&gt; &lt;/td&gt;
&lt;td class=&quot;LetterOnlyCell&quot;&gt;&lt;span id=&quot;L_13_4&quot;&gt; &lt;/span&gt;&lt;/td&gt;
&lt;td class=&quot;BlankCell&quot;&gt; &lt;/td&gt;
&lt;td class=&quot;NumLetterCell&quot;&gt;&lt;a href=&quot;javascript:void(0);&quot; class=&quot;GridNum&quot; onclick=&quot;ShowClue(15,13,6)&quot;&gt;15&lt;/a&gt;&lt;span class=&quot;NumLetterCellText&quot; id=&quot;L_13_6&quot; onclick=&quot;ShowClue(15,13,6)&quot;&gt;   &lt;/span&gt;&lt;/td&gt;
&lt;td class=&quot;LetterOnlyCell&quot;&gt;&lt;span id=&quot;L_13_7&quot;&gt; &lt;/span&gt;&lt;/td&gt;
&lt;td class=&quot;LetterOnlyCell&quot;&gt;&lt;span id=&quot;L_13_8&quot;&gt; &lt;/span&gt;&lt;/td&gt;
&lt;td class=&quot;LetterOnlyCell&quot;&gt;&lt;span id=&quot;L_13_9&quot;&gt; &lt;/span&gt;&lt;/td&gt;
&lt;td class=&quot;LetterOnlyCell&quot;&gt;&lt;span id=&quot;L_13_10&quot;&gt; &lt;/span&gt;&lt;/td&gt;
&lt;td class=&quot;LetterOnlyCell&quot;&gt;&lt;span id=&quot;L_13_11&quot;&gt; &lt;/span&gt;&lt;/td&gt;
&lt;td class=&quot;LetterOnlyCell&quot;&gt;&lt;span id=&quot;L_13_12&quot;&gt; &lt;/span&gt;&lt;/td&gt;
&lt;td class=&quot;LetterOnlyCell&quot;&gt;&lt;span id=&quot;L_13_13&quot;&gt; &lt;/span&gt;&lt;/td&gt;
&lt;td class=&quot;LetterOnlyCell&quot;&gt;&lt;span id=&quot;L_13_14&quot;&gt; &lt;/span&gt;&lt;/td&gt;
&lt;td class=&quot;BlankCell&quot;&gt; &lt;/td&gt;
&lt;td class=&quot;BlankCell&quot;&gt; &lt;/td&gt;
&lt;td class=&quot;BlankCell&quot;&gt; &lt;/td&gt;
&lt;td class=&quot;BlankCell&quot;&gt; &lt;/td&gt;
&lt;td class=&quot;BlankCell&quot;&gt; &lt;/td&gt;
&lt;/tr&gt;
&lt;tr id=&quot;Row_14&quot;&gt;
&lt;td class=&quot;BlankCell&quot;&gt; &lt;/td&gt;
&lt;td class=&quot;BlankCell&quot;&gt; &lt;/td&gt;
&lt;td class=&quot;BlankCell&quot;&gt; &lt;/td&gt;
&lt;td class=&quot;BlankCell&quot;&gt; &lt;/td&gt;
&lt;td class=&quot;BlankCell&quot;&gt; &lt;/td&gt;
&lt;td class=&quot;BlankCell&quot;&gt; &lt;/td&gt;
&lt;td class=&quot;BlankCell&quot;&gt; &lt;/td&gt;
&lt;td class=&quot;BlankCell&quot;&gt; &lt;/td&gt;
&lt;td class=&quot;BlankCell&quot;&gt; &lt;/td&gt;
&lt;td class=&quot;LetterOnlyCell&quot;&gt;&lt;span id=&quot;L_14_9&quot;&gt; &lt;/span&gt;&lt;/td&gt;
&lt;td class=&quot;BlankCell&quot;&gt; &lt;/td&gt;
&lt;td class=&quot;BlankCell&quot;&gt; &lt;/td&gt;
&lt;td class=&quot;LetterOnlyCell&quot;&gt;&lt;span id=&quot;L_14_12&quot;&gt; &lt;/span&gt;&lt;/td&gt;
&lt;td class=&quot;BlankCell&quot;&gt; &lt;/td&gt;
&lt;td class=&quot;BlankCell&quot;&gt; &lt;/td&gt;
&lt;td class=&quot;BlankCell&quot;&gt; &lt;/td&gt;
&lt;td class=&quot;BlankCell&quot;&gt; &lt;/td&gt;
&lt;td class=&quot;BlankCell&quot;&gt; &lt;/td&gt;
&lt;td class=&quot;BlankCell&quot;&gt; &lt;/td&gt;
&lt;td class=&quot;BlankCell&quot;&gt; &lt;/td&gt;
&lt;/tr&gt;
&lt;tr id=&quot;Row_15&quot;&gt;
&lt;td class=&quot;BlankCell&quot;&gt; &lt;/td&gt;
&lt;td class=&quot;BlankCell&quot;&gt; &lt;/td&gt;
&lt;td class=&quot;BlankCell&quot;&gt; &lt;/td&gt;
&lt;td class=&quot;BlankCell&quot;&gt; &lt;/td&gt;
&lt;td class=&quot;BlankCell&quot;&gt; &lt;/td&gt;
&lt;td class=&quot;BlankCell&quot;&gt; &lt;/td&gt;
&lt;td class=&quot;NumLetterCell&quot;&gt;&lt;a href=&quot;javascript:void(0);&quot; class=&quot;GridNum&quot; onclick=&quot;ShowClue(16,15,6)&quot;&gt;16&lt;/a&gt;&lt;span class=&quot;NumLetterCellText&quot; id=&quot;L_15_6&quot; onclick=&quot;ShowClue(16,15,6)&quot;&gt;   &lt;/span&gt;&lt;/td&gt;
&lt;td class=&quot;LetterOnlyCell&quot;&gt;&lt;span id=&quot;L_15_7&quot;&gt; &lt;/span&gt;&lt;/td&gt;
&lt;td class=&quot;LetterOnlyCell&quot;&gt;&lt;span id=&quot;L_15_8&quot;&gt; &lt;/span&gt;&lt;/td&gt;
&lt;td class=&quot;LetterOnlyCell&quot;&gt;&lt;span id=&quot;L_15_9&quot;&gt; &lt;/span&gt;&lt;/td&gt;
&lt;td class=&quot;LetterOnlyCell&quot;&gt;&lt;span id=&quot;L_15_10&quot;&gt; &lt;/span&gt;&lt;/td&gt;
&lt;td class=&quot;LetterOnlyCell&quot;&gt;&lt;span id=&quot;L_15_11&quot;&gt; &lt;/span&gt;&lt;/td&gt;
&lt;td class=&quot;LetterOnlyCell&quot;&gt;&lt;span id=&quot;L_15_12&quot;&gt; &lt;/span&gt;&lt;/td&gt;
&lt;td class=&quot;BlankCell&quot;&gt; &lt;/td&gt;
&lt;td class=&quot;BlankCell&quot;&gt; &lt;/td&gt;
&lt;td class=&quot;BlankCell&quot;&gt; &lt;/td&gt;
&lt;td class=&quot;BlankCell&quot;&gt; &lt;/td&gt;
&lt;td class=&quot;BlankCell&quot;&gt; &lt;/td&gt;
&lt;td class=&quot;BlankCell&quot;&gt; &lt;/td&gt;
&lt;td class=&quot;BlankCell&quot;&gt; &lt;/td&gt;
&lt;/tr&gt;
&lt;tr id=&quot;Row_16&quot;&gt;
&lt;td class=&quot;BlankCell&quot;&gt; &lt;/td&gt;
&lt;td class=&quot;BlankCell&quot;&gt; &lt;/td&gt;
&lt;td class=&quot;BlankCell&quot;&gt; &lt;/td&gt;
&lt;td class=&quot;BlankCell&quot;&gt; &lt;/td&gt;
&lt;td class=&quot;BlankCell&quot;&gt; &lt;/td&gt;
&lt;td class=&quot;BlankCell&quot;&gt; &lt;/td&gt;
&lt;td class=&quot;BlankCell&quot;&gt; &lt;/td&gt;
&lt;td class=&quot;BlankCell&quot;&gt; &lt;/td&gt;
&lt;td class=&quot;BlankCell&quot;&gt; &lt;/td&gt;
&lt;td class=&quot;LetterOnlyCell&quot;&gt;&lt;span id=&quot;L_16_9&quot;&gt; &lt;/span&gt;&lt;/td&gt;
&lt;td class=&quot;BlankCell&quot;&gt; &lt;/td&gt;
&lt;td class=&quot;BlankCell&quot;&gt; &lt;/td&gt;
&lt;td class=&quot;LetterOnlyCell&quot;&gt;&lt;span id=&quot;L_16_12&quot;&gt; &lt;/span&gt;&lt;/td&gt;
&lt;td class=&quot;BlankCell&quot;&gt; &lt;/td&gt;
&lt;td class=&quot;BlankCell&quot;&gt; &lt;/td&gt;
&lt;td class=&quot;BlankCell&quot;&gt; &lt;/td&gt;
&lt;td class=&quot;BlankCell&quot;&gt; &lt;/td&gt;
&lt;td class=&quot;BlankCell&quot;&gt; &lt;/td&gt;
&lt;td class=&quot;BlankCell&quot;&gt; &lt;/td&gt;
&lt;td class=&quot;BlankCell&quot;&gt; &lt;/td&gt;
&lt;/tr&gt;
&lt;tr id=&quot;Row_17&quot;&gt;
&lt;td class=&quot;BlankCell&quot;&gt; &lt;/td&gt;
&lt;td class=&quot;BlankCell&quot;&gt; &lt;/td&gt;
&lt;td class=&quot;BlankCell&quot;&gt; &lt;/td&gt;
&lt;td class=&quot;BlankCell&quot;&gt; &lt;/td&gt;
&lt;td class=&quot;BlankCell&quot;&gt; &lt;/td&gt;
&lt;td class=&quot;BlankCell&quot;&gt; &lt;/td&gt;
&lt;td class=&quot;BlankCell&quot;&gt; &lt;/td&gt;
&lt;td class=&quot;BlankCell&quot;&gt; &lt;/td&gt;
&lt;td class=&quot;BlankCell&quot;&gt; &lt;/td&gt;
&lt;td class=&quot;LetterOnlyCell&quot;&gt;&lt;span id=&quot;L_17_9&quot;&gt; &lt;/span&gt;&lt;/td&gt;
&lt;td class=&quot;BlankCell&quot;&gt; &lt;/td&gt;
&lt;td class=&quot;BlankCell&quot;&gt; &lt;/td&gt;
&lt;td class=&quot;BlankCell&quot;&gt; &lt;/td&gt;
&lt;td class=&quot;BlankCell&quot;&gt; &lt;/td&gt;
&lt;td class=&quot;BlankCell&quot;&gt; &lt;/td&gt;
&lt;td class=&quot;BlankCell&quot;&gt; &lt;/td&gt;
&lt;td class=&quot;BlankCell&quot;&gt; &lt;/td&gt;
&lt;td class=&quot;BlankCell&quot;&gt; &lt;/td&gt;
&lt;td class=&quot;BlankCell&quot;&gt; &lt;/td&gt;
&lt;td class=&quot;BlankCell&quot;&gt; &lt;/td&gt;
&lt;/tr&gt;
&lt;tr id=&quot;Row_18&quot;&gt;
&lt;td class=&quot;BlankCell&quot;&gt; &lt;/td&gt;
&lt;td class=&quot;BlankCell&quot;&gt; &lt;/td&gt;
&lt;td class=&quot;BlankCell&quot;&gt; &lt;/td&gt;
&lt;td class=&quot;BlankCell&quot;&gt; &lt;/td&gt;
&lt;td class=&quot;BlankCell&quot;&gt; &lt;/td&gt;
&lt;td class=&quot;BlankCell&quot;&gt; &lt;/td&gt;
&lt;td class=&quot;BlankCell&quot;&gt; &lt;/td&gt;
&lt;td class=&quot;BlankCell&quot;&gt; &lt;/td&gt;
&lt;td class=&quot;NumLetterCell&quot;&gt;&lt;a href=&quot;javascript:void(0);&quot; class=&quot;GridNum&quot; onclick=&quot;ShowClue(17,18,8)&quot;&gt;17&lt;/a&gt;&lt;span class=&quot;NumLetterCellText&quot; id=&quot;L_18_8&quot; onclick=&quot;ShowClue(17,18,8)&quot;&gt;   &lt;/span&gt;&lt;/td&gt;
&lt;td class=&quot;LetterOnlyCell&quot;&gt;&lt;span id=&quot;L_18_9&quot;&gt; &lt;/span&gt;&lt;/td&gt;
&lt;td class=&quot;LetterOnlyCell&quot;&gt;&lt;span id=&quot;L_18_10&quot;&gt; &lt;/span&gt;&lt;/td&gt;
&lt;td class=&quot;LetterOnlyCell&quot;&gt;&lt;span id=&quot;L_18_11&quot;&gt; &lt;/span&gt;&lt;/td&gt;
&lt;td class=&quot;LetterOnlyCell&quot;&gt;&lt;span id=&quot;L_18_12&quot;&gt; &lt;/span&gt;&lt;/td&gt;
&lt;td class=&quot;BlankCell&quot;&gt; &lt;/td&gt;
&lt;td class=&quot;BlankCell&quot;&gt; &lt;/td&gt;
&lt;td class=&quot;BlankCell&quot;&gt; &lt;/td&gt;
&lt;td class=&quot;BlankCell&quot;&gt; &lt;/td&gt;
&lt;td class=&quot;BlankCell&quot;&gt; &lt;/td&gt;
&lt;td class=&quot;BlankCell&quot;&gt; &lt;/td&gt;
&lt;td class=&quot;BlankCell&quot;&gt; &lt;/td&gt;
&lt;/tr&gt;
&lt;/tbody&gt;
&lt;/table&gt;
&lt;button id=&quot;CheckButton2&quot; class=&quot;FuncButton&quot; onmouseover=&quot;FuncBtnOver(this)&quot; onfocus=&quot;FuncBtnOver(this)&quot; onmouseout=&quot;FuncBtnOut(this)&quot; onblur=&quot;FuncBtnOut(this)&quot; onmousedown=&quot;FuncBtnDown(this)&quot; onmouseup=&quot;FuncBtnOut(this)&quot; onclick=&quot;CheckAnswers()&quot;&gt; Verificar &lt;/button&gt;
&lt;table id=&quot;Clues&quot; style=&quot;display: none;&quot;&gt;
&lt;tbody&gt;
&lt;tr&gt;
&lt;td&gt;
&lt;table class=&quot;ClueList&quot;&gt;
&lt;tbody id=&quot;CluesAcross&quot;&gt;
&lt;tr&gt;
&lt;td colspan=&quot;2&quot;&gt;
&lt;h3 class=&quot;ExerciseSubtitle&quot; id=&quot;CluesAcrossLabel&quot;&gt;Horizontal:&lt;/h3&gt;
&lt;/td&gt;
&lt;/tr&gt;
&lt;tr&gt;
&lt;td class=&quot;ClueNum&quot;&gt;4.&lt;/td&gt;
&lt;td id=&quot;Clue_A_4&quot; class=&quot;Clue&quot;&gt;Forma de presentar información en la pantalla&lt;/td&gt;
&lt;/tr&gt;
&lt;tr&gt;
&lt;td class=&quot;ClueNum&quot;&gt;6.&lt;/td&gt;
&lt;td id=&quot;Clue_A_6&quot; class=&quot;Clue&quot;&gt;La variables $_GET se considera como&lt;/td&gt;
&lt;/tr&gt;
&lt;tr&gt;
&lt;td class=&quot;ClueNum&quot;&gt;8.&lt;/td&gt;
&lt;td id=&quot;Clue_A_8&quot; class=&quot;Clue&quot;&gt;Creador de PHP&lt;/td&gt;
&lt;/tr&gt;
&lt;tr&gt;
&lt;td class=&quot;ClueNum&quot;&gt;9.&lt;/td&gt;
&lt;td id=&quot;Clue_A_9&quot; class=&quot;Clue&quot;&gt;Utilizados para procesar diferentes tipos de datos&lt;/td&gt;
&lt;/tr&gt;
&lt;tr&gt;
&lt;td class=&quot;ClueNum&quot;&gt;10.&lt;/td&gt;
&lt;td id=&quot;Clue_A_10&quot; class=&quot;Clue&quot;&gt;Método utilizado por el protocolo HTML para los procesos de comunicación entre el cliente y el servidor&lt;/td&gt;
&lt;/tr&gt;
&lt;tr&gt;
&lt;td class=&quot;ClueNum&quot;&gt;11.&lt;/td&gt;
&lt;td id=&quot;Clue_A_11&quot; class=&quot;Clue&quot;&gt;cuando se hace una modificación al parametro que contiene la dirección automáticamente se modifica el valor de la variable externa.&lt;/td&gt;
&lt;/tr&gt;
&lt;tr&gt;
&lt;td class=&quot;ClueNum&quot;&gt;13.&lt;/td&gt;
&lt;td id=&quot;Clue_A_13&quot; class=&quot;Clue&quot;&gt;Por ser software libre esta conformado por ésta para lograr avances del lenguaje&lt;/td&gt;
&lt;/tr&gt;
&lt;tr&gt;
&lt;td class=&quot;ClueNum&quot;&gt;15.&lt;/td&gt;
&lt;td id=&quot;Clue_A_15&quot; class=&quot;Clue&quot;&gt;Segmento de código que se programa de forma tal que pueda ser usado varias veces dentro de la aplicación que se está desarrollando, pilar principal para desarrollar de forma estructurada&lt;/td&gt;
&lt;/tr&gt;
&lt;tr&gt;
&lt;td class=&quot;ClueNum&quot;&gt;16.&lt;/td&gt;
&lt;td id=&quot;Clue_A_16&quot; class=&quot;Clue&quot;&gt;PHP es un código&lt;/td&gt;
&lt;/tr&gt;
&lt;tr&gt;
&lt;td class=&quot;ClueNum&quot;&gt;17.&lt;/td&gt;
&lt;td id=&quot;Clue_A_17&quot; class=&quot;Clue&quot;&gt;Paquete que integra PHP, APACHE y base de datos&lt;/td&gt;
&lt;/tr&gt;
&lt;/tbody&gt;
&lt;/table&gt;
&lt;/td&gt;
&lt;td&gt;
&lt;table class=&quot;ClueList&quot;&gt;
&lt;tbody id=&quot;CluesDown&quot;&gt;
&lt;tr&gt;
&lt;td colspan=&quot;2&quot;&gt;
&lt;h3 class=&quot;ExerciseSubtitle&quot; id=&quot;CluesDownLabel&quot;&gt;Vertical:&lt;/h3&gt;
&lt;/td&gt;
&lt;/tr&gt;
&lt;tr&gt;
&lt;td class=&quot;ClueNum&quot;&gt;1.&lt;/td&gt;
&lt;td id=&quot;Clue_D_1&quot; class=&quot;Clue&quot;&gt;Reescribieron todo el código produciendo la versión 4 del lenguaje que venían implementado el motor&lt;/td&gt;
&lt;/tr&gt;
&lt;tr&gt;
&lt;td class=&quot;ClueNum&quot;&gt;2.&lt;/td&gt;
&lt;td id=&quot;Clue_D_2&quot; class=&quot;Clue&quot;&gt;Se caracteriza por tener una curva de aprendizaje&lt;/td&gt;
&lt;/tr&gt;
&lt;tr&gt;
&lt;td class=&quot;ClueNum&quot;&gt;3.&lt;/td&gt;
&lt;td id=&quot;Clue_D_3&quot; class=&quot;Clue&quot;&gt;PHP se puede instalar en mas un sistema operativo&lt;/td&gt;
&lt;/tr&gt;
&lt;tr&gt;
&lt;td class=&quot;ClueNum&quot;&gt;5.&lt;/td&gt;
&lt;td id=&quot;Clue_D_5&quot; class=&quot;Clue&quot;&gt;Otra forma de presentar datos en pantalla&lt;/td&gt;
&lt;/tr&gt;
&lt;tr&gt;
&lt;td class=&quot;ClueNum&quot;&gt;7.&lt;/td&gt;
&lt;td id=&quot;Clue_D_7&quot; class=&quot;Clue&quot;&gt;Construcción sintáctica de PHP en la que básicamente existe algún&lt;br /&gt;valor, ya sea numérico, lógico o una cadena de carácter&lt;/td&gt;
&lt;/tr&gt;
&lt;tr&gt;
&lt;td class=&quot;ClueNum&quot;&gt;10.&lt;/td&gt;
&lt;td id=&quot;Clue_D_10&quot; class=&quot;Clue&quot;&gt;Reescribiron totalmente el analizador sintáctico (parser) del lenguaje&lt;/td&gt;
&lt;/tr&gt;
&lt;tr&gt;
&lt;td class=&quot;ClueNum&quot;&gt;12.&lt;/td&gt;
&lt;td id=&quot;Clue_D_12&quot; class=&quot;Clue&quot;&gt;Permiten generar funciones con altas alternativas de reutilizables que se aplican para solucionar diferentes posibilidades de un mismo problema.&lt;/td&gt;
&lt;/tr&gt;
&lt;tr&gt;
&lt;td class=&quot;ClueNum&quot;&gt;14.&lt;/td&gt;
&lt;td id=&quot;Clue_D_14&quot; class=&quot;Clue&quot;&gt;Cantidad de caracteres por línea de codigo&lt;/td&gt;
&lt;/tr&gt;
&lt;/tbody&gt;
&lt;/table&gt;
&lt;/td&gt;
&lt;/tr&gt;
&lt;/tbody&gt;
&lt;/table&gt;
&lt;/div&gt;
&lt;div class=&quot;Feedback&quot; id=&quot;FeedbackDiv&quot;&gt;
&lt;div class=&quot;FeedbackText&quot; id=&quot;FeedbackContent&quot;&gt;&lt;/div&gt;
&lt;button id=&quot;FeedbackOKButton&quot; class=&quot;FuncButton&quot; onfocus=&quot;FuncBtnOver(this)&quot; onblur=&quot;FuncBtnOut(this)&quot; onmouseover=&quot;FuncBtnOver(this)&quot; onmouseout=&quot;FuncBtnOut(this)&quot; onmousedown=&quot;FuncBtnDown(this)&quot; onmouseup=&quot;FuncBtnOut(this)&quot; onclick=&quot;HideFeedback(); return false;&quot;&gt; OK &lt;/button&gt;&lt;/div&gt;
&lt;!-- BeginBottomNavButtons --&gt;
&lt;p&gt; &lt;/p&gt;
&lt;!-- EndBottomNavButtons --&gt;
&lt;p&gt; &lt;/p&gt;
&lt;!-- BeginSubmissionForm --&gt;
&lt;p&gt; &lt;/p&gt;
&lt;!-- EndSubmissionForm --&gt;"></unicode>
          <string role="key" value="exe.engine.field.Field.persistenceVersion"></string>
          <int value="4"></int>
          <string role="key" value="exe.engine.field.FieldWithResources.persistenceVersion"></string>
          <int value="2"></int>
          <string role="key" value="exe.engine.field.TextAreaField.persistenceVersion"></string>
          <int value="3"></int>
          <string role="key" value="htmlTag"></string>
          <string value="div"></string>
          <string role="key" value="images"></string>
          <instance class="exe.engine.galleryidevice.GalleryImages">
           <dictionary>
            <string role="key" value=".listitems"></string>
            <list></list>
            <string role="key" value="idevice"></string>
            <reference key="2"></reference>
           </dictionary>
          </instance>
          <string role="key" value="intlinks_to_anchors"></string>
          <dictionary></dictionary>
          <string role="key" value="nextImageId"></string>
          <int value="0"></int>
          <string role="key" value="parentNode"></string>
          <none></none>
         </dictionary>
        </instance>
        <string role="key" value="edit"></string>
        <bool value="0"></bool>
        <string role="key" value="emphasis"></string>
        <int value="0"></int>
        <string role="key" value="exe.engine.freetextidevice.FreeTextIdevice.persistenceVersion"></string>
        <int value="7"></int>
        <string role="key" value="icon"></string>
        <string value=""></string>
        <string role="key" value="id"></string>
        <unicode value="0"></unicode>
        <string role="key" value="lastIdevice"></string>
        <bool value="0"></bool>
        <string role="key" value="originalicon"></string>
        <string value=""></string>
        <string role="key" value="parent"></string>
        <none></none>
        <string role="key" value="parentNode"></string>
        <reference key="3"></reference>
        <string role="key" value="systemResources"></string>
        <list></list>
        <string role="key" value="type"></string>
        <none></none>
        <string role="key" value="undo"></string>
        <bool value="1"></bool>
        <string role="key" value="userResources"></string>
        <list></list>
        <string role="key" value="version"></string>
        <int value="0"></int>
       </dictionary>
      </instance>
     </list>
     <string role="key" value="_id"></string>
     <unicode value="0"></unicode>
     <string role="key" value="_package"></string>
     <reference key="4"></reference>
     <string role="key" value="exe.engine.node.Node.persistenceVersion"></string>
     <int value="2"></int>
     <string role="key" value="last_full_node_path"></string>
     <string value="exe-node:Inicio"></string>
     <string role="key" value="parent"></string>
     <none></none>
     <string role="key" value="children"></string>
     <list></list>
    </dictionary>
   </instance>
  </dictionary>
  <string role="key" value="_objectives"></string>
  <unicode value=""></unicode>
  <string role="key" value="_preknowledge"></string>
  <unicode value=""></unicode>
  <string role="key" value="backgroundImgTile"></string>
  <bool value="0"></bool>
  <string role="key" value="compatibleWithVersion9"></string>
  <bool value="0"></bool>
  <string role="key" value="currentNode"></string>
  <reference key="3"></reference>
  <string role="key" value="dublinCore"></string>
  <instance class="exe.engine.package.DublinCore">
   <dictionary>
    <string role="key" value="contributors"></string>
    <unicode value=""></unicode>
    <string role="key" value="coverage"></string>
    <unicode value=""></unicode>
    <string role="key" value="creator"></string>
    <unicode value=""></unicode>
    <string role="key" value="date"></string>
    <unicode value=""></unicode>
    <string role="key" value="description"></string>
    <unicode value=""></unicode>
    <string role="key" value="format"></string>
    <unicode value=""></unicode>
    <string role="key" value="identifier"></string>
    <unicode value="839a4577-028d-4855-b41d-ebe486f44410"></unicode>
    <string role="key" value="language"></string>
    <unicode value=""></unicode>
    <string role="key" value="publisher"></string>
    <unicode value=""></unicode>
    <string role="key" value="relation"></string>
    <unicode value=""></unicode>
    <string role="key" value="rights"></string>
    <unicode value=""></unicode>
    <string role="key" value="source"></string>
    <unicode value=""></unicode>
    <string role="key" value="subject"></string>
    <unicode value=""></unicode>
    <string role="key" value="title"></string>
    <unicode value=""></unicode>
    <string role="key" value="type"></string>
    <unicode value=""></unicode>
   </dictionary>
  </instance>
  <string role="key" value="exe.engine.package.Package.persistenceVersion"></string>
  <int value="13"></int>
  <string role="key" value="exportMetadataType"></string>
  <string value="LOMES"></string>
  <string role="key" value="exportSource"></string>
  <bool value="1"></bool>
  <string role="key" value="footer"></string>
  <string value=""></string>
  <string role="key" value="license"></string>
  <string value="creative commons: attribution - share alike 4.0"></string>
  <string role="key" value="lom"></string>
  <instance class="exe.engine.lom.lomsubs.lomSub">
   <dictionary>
    <string role="key" value="__index__"></string>
    <dictionary></dictionary>
    <string role="key" value="__oldchild__"></string>
    <none></none>
    <string role="key" value="annotation"></string>
    <list></list>
    <string role="key" value="classification"></string>
    <list></list>
    <string role="key" value="educational"></string>
    <list></list>
    <string role="key" value="general"></string>
    <instance class="exe.engine.lom.lomsubs.generalSub">
     <dictionary>
      <string role="key" value="aggregationLevel"></string>
      <instance class="exe.engine.lom.lomsubs.aggregationLevelSub">
       <dictionary>
        <string role="key" value="extensiontype_"></string>
        <none></none>
        <string role="key" value="source"></string>
        <instance class="exe.engine.lom.lomsubs.sourceValueSub">
         <dictionary>
          <string role="key" value="extensiontype_"></string>
          <none></none>
          <string role="key" value="string"></string>
          <list></list>
          <string role="key" value="uniqueElementName"></string>
          <string value="source"></string>
          <string role="key" value="valueOf_"></string>
          <string value="LOMv1.0"></string>
         </dictionary>
        </instance>
        <string role="key" value="uniqueElementName"></string>
        <string value="aggregationLevel"></string>
        <string role="key" value="value"></string>
        <instance class="exe.engine.lom.lomsubs.aggregationLevelValueSub">
         <dictionary>
          <string role="key" value="extensiontype_"></string>
          <none></none>
          <string role="key" value="source"></string>
          <none></none>
          <string role="key" value="uniqueElementName"></string>
          <string value="value"></string>
          <string role="key" value="value"></string>
          <none></none>
          <string role="key" value="valueOf_"></string>
          <string value="2"></string>
         </dictionary>
        </instance>
       </dictionary>
      </instance>
      <string role="key" value="coverage"></string>
      <list></list>
      <string role="key" value="description"></string>
      <list></list>
      <string role="key" value="identifier"></string>
      <list>
       <instance class="exe.engine.lom.lomsubs.identifierSub">
        <dictionary>
         <string role="key" value="catalog"></string>
         <instance class="exe.engine.lom.lomsubs.catalogSub">
          <dictionary>
           <string role="key" value="uniqueElementName"></string>
           <string value="catalog"></string>
           <string role="key" value="valueOf_"></string>
           <unicode value="Mi catálogo"></unicode>
          </dictionary>
         </instance>
         <string role="key" value="entry"></string>
         <instance class="exe.engine.lom.lomsubs.entrySub">
          <dictionary>
           <string role="key" value="uniqueElementName"></string>
           <string value="entry"></string>
           <string role="key" value="valueOf_"></string>
           <unicode value="839a4577-028d-4855-b41d-ebe486f44410"></unicode>
          </dictionary>
         </instance>
        </dictionary>
       </instance>
      </list>
      <string role="key" value="keyword"></string>
      <list></list>
      <string role="key" value="language"></string>
      <list></list>
      <string role="key" value="structure"></string>
      <none></none>
      <string role="key" value="title"></string>
      <none></none>
      <string role="key" value="uniqueElementName"></string>
      <string value="general"></string>
     </dictionary>
    </instance>
    <string role="key" value="lifeCycle"></string>
    <none></none>
    <string role="key" value="metaMetadata"></string>
    <instance class="exe.engine.lom.lomsubs.metaMetadataSub">
     <dictionary>
      <string role="key" value="contribute"></string>
      <list></list>
      <string role="key" value="identifier"></string>
      <list></list>
      <string role="key" value="language"></string>
      <none></none>
      <string role="key" value="metadataSchema"></string>
      <list>
       <instance class="exe.engine.lom.lomsubs.metadataSchemaSub">
        <dictionary>
         <string role="key" value="valueOf_"></string>
         <string value="LOMv1.0"></string>
        </dictionary>
       </instance>
      </list>
      <string role="key" value="uniqueElementName"></string>
      <string value="metaMetadata"></string>
     </dictionary>
    </instance>
    <string role="key" value="relation"></string>
    <list></list>
    <string role="key" value="rights"></string>
    <none></none>
    <string role="key" value="technical"></string>
    <none></none>
   </dictionary>
  </instance>
  <string role="key" value="lomEs"></string>
  <instance class="exe.engine.lom.lomsubs.lomSub">
   <dictionary>
    <string role="key" value="__index__"></string>
    <dictionary></dictionary>
    <string role="key" value="__oldchild__"></string>
    <none></none>
    <string role="key" value="annotation"></string>
    <list></list>
    <string role="key" value="classification"></string>
    <list></list>
    <string role="key" value="educational"></string>
    <list></list>
    <string role="key" value="general"></string>
    <instance class="exe.engine.lom.lomsubs.generalSub">
     <dictionary>
      <string role="key" value="aggregationLevel"></string>
      <instance class="exe.engine.lom.lomsubs.aggregationLevelSub">
       <dictionary>
        <string role="key" value="extensiontype_"></string>
        <none></none>
        <string role="key" value="source"></string>
        <instance class="exe.engine.lom.lomsubs.sourceValueSub">
         <dictionary>
          <string role="key" value="extensiontype_"></string>
          <none></none>
          <string role="key" value="string"></string>
          <list></list>
          <string role="key" value="uniqueElementName"></string>
          <string value="source"></string>
          <string role="key" value="valueOf_"></string>
          <string value="LOM-ESv1.0"></string>
         </dictionary>
        </instance>
        <string role="key" value="uniqueElementName"></string>
        <string value="aggregationLevel"></string>
        <string role="key" value="value"></string>
        <instance class="exe.engine.lom.lomsubs.aggregationLevelValueSub">
         <dictionary>
          <string role="key" value="extensiontype_"></string>
          <none></none>
          <string role="key" value="source"></string>
          <none></none>
          <string role="key" value="uniqueElementName"></string>
          <string value="value"></string>
          <string role="key" value="value"></string>
          <none></none>
          <string role="key" value="valueOf_"></string>
          <string value="2"></string>
         </dictionary>
        </instance>
       </dictionary>
      </instance>
      <string role="key" value="coverage"></string>
      <list></list>
      <string role="key" value="description"></string>
      <list></list>
      <string role="key" value="identifier"></string>
      <list>
       <instance class="exe.engine.lom.lomsubs.identifierSub">
        <dictionary>
         <string role="key" value="catalog"></string>
         <instance class="exe.engine.lom.lomsubs.catalogSub">
          <dictionary>
           <string role="key" value="uniqueElementName"></string>
           <string value="catalog"></string>
           <string role="key" value="valueOf_"></string>
           <unicode value="Mi catálogo"></unicode>
          </dictionary>
         </instance>
         <string role="key" value="entry"></string>
         <instance class="exe.engine.lom.lomsubs.entrySub">
          <dictionary>
           <string role="key" value="uniqueElementName"></string>
           <string value="entry"></string>
           <string role="key" value="valueOf_"></string>
           <unicode value="839a4577-028d-4855-b41d-ebe486f44410"></unicode>
          </dictionary>
         </instance>
        </dictionary>
       </instance>
      </list>
      <string role="key" value="keyword"></string>
      <list></list>
      <string role="key" value="language"></string>
      <list></list>
      <string role="key" value="structure"></string>
      <none></none>
      <string role="key" value="title"></string>
      <none></none>
      <string role="key" value="uniqueElementName"></string>
      <string value="general"></string>
     </dictionary>
    </instance>
    <string role="key" value="lifeCycle"></string>
    <none></none>
    <string role="key" value="metaMetadata"></string>
    <instance class="exe.engine.lom.lomsubs.metaMetadataSub">
     <dictionary>
      <string role="key" value="contribute"></string>
      <list></list>
      <string role="key" value="identifier"></string>
      <list></list>
      <string role="key" value="language"></string>
      <none></none>
      <string role="key" value="metadataSchema"></string>
      <list>
       <instance class="exe.engine.lom.lomsubs.metadataSchemaSub">
        <dictionary>
         <string role="key" value="valueOf_"></string>
         <string value="LOM-ESv1.0"></string>
        </dictionary>
       </instance>
      </list>
      <string role="key" value="uniqueElementName"></string>
      <string value="metaMetadata"></string>
     </dictionary>
    </instance>
    <string role="key" value="relation"></string>
    <list></list>
    <string role="key" value="rights"></string>
    <instance class="exe.engine.lom.lomsubs.rightsSub">
     <dictionary>
      <string role="key" value="access"></string>
      <instance class="exe.engine.lom.lomsubs.accessSub">
       <dictionary>
        <string role="key" value="accessType"></string>
        <instance class="exe.engine.lom.lomsubs.accessTypeSub">
         <dictionary>
          <string role="key" value="extensiontype_"></string>
          <none></none>
          <string role="key" value="source"></string>
          <instance class="exe.engine.lom.lomsubs.sourceValueSub">
           <dictionary>
            <string role="key" value="extensiontype_"></string>
            <none></none>
            <string role="key" value="string"></string>
            <list></list>
            <string role="key" value="uniqueElementName"></string>
            <string value="source"></string>
            <string role="key" value="valueOf_"></string>
            <string value="LOM-ESv1.0"></string>
           </dictionary>
          </instance>
          <string role="key" value="uniqueElementName"></string>
          <string value="accessType"></string>
          <string role="key" value="value"></string>
          <instance class="exe.engine.lom.lomsubs.accessTypeValueSub">
           <dictionary>
            <string role="key" value="extensiontype_"></string>
            <none></none>
            <string role="key" value="source"></string>
            <none></none>
            <string role="key" value="uniqueElementName"></string>
            <string value="value"></string>
            <string role="key" value="value"></string>
            <none></none>
            <string role="key" value="valueOf_"></string>
            <string value="universal"></string>
           </dictionary>
          </instance>
         </dictionary>
        </instance>
        <string role="key" value="description"></string>
        <instance class="exe.engine.lom.lomsubs.LanguageStringSub">
         <dictionary>
          <string role="key" value="extensiontype_"></string>
          <none></none>
          <string role="key" value="string"></string>
          <list>
           <instance class="exe.engine.lom.lomsubs.LangStringSub">
            <dictionary>
             <string role="key" value="language"></string>
             <string value="es"></string>
             <string role="key" value="valueOf_"></string>
             <unicode value="Preestablecido"></unicode>
            </dictionary>
           </instance>
          </list>
         </dictionary>
        </instance>
        <string role="key" value="uniqueElementName"></string>
        <string value="access"></string>
       </dictionary>
      </instance>
      <string role="key" value="copyrightAndOtherRestrictions"></string>
      <none></none>
      <string role="key" value="cost"></string>
      <none></none>
      <string role="key" value="description"></string>
      <none></none>
      <string role="key" value="uniqueElementName"></string>
      <string value="rights"></string>
     </dictionary>
    </instance>
    <string role="key" value="technical"></string>
    <none></none>
   </dictionary>
  </instance>
  <string role="key" value="mxmlforcemediaonly"></string>
  <bool value="0"></bool>
  <string role="key" value="mxmlheight"></string>
  <string value=""></string>
  <string role="key" value="mxmlprofilelist"></string>
  <string value=""></string>
  <string role="key" value="mxmlwidth"></string>
  <string value=""></string>
  <string role="key" value="resources"></string>
  <dictionary></dictionary>
  <string role="key" value="root"></string>
  <reference key="3"></reference>
  <string role="key" value="scolinks"></string>
  <bool value="0"></bool>
  <string role="key" value="scowsinglepage"></string>
  <bool value="0"></bool>
  <string role="key" value="scowwebsite"></string>
  <bool value="0"></bool>
  <string role="key" value="style"></string>
  <unicode value="sena"></unicode>
  <string role="key" value="sugaractivityname"></string>
  <string value=""></string>
  <string role="key" value="sugarservicename"></string>
  <string value=""></string>
  <string role="key" value="tempFile"></string>
  <bool value="0"></bool>
 </dictionary>
</instance>